Stn Id,Stn Name,CIMIS Region,Month Year,Total ETo (mm),qc,Total Precip (mm),qc,Avg Sol Rad (W/sq.m),qc,Avg Vap Pres (kPa),qc,Avg Max Air Temp (C),qc,Avg Min Air Temp (C),qc,Avg Air Temp (C),qc,Avg Max Rel Hum (%),qc,Avg Min Rel Hum (%),qc,Avg Rel Hum (%),qc,Avg Dew Point (C),qc,Avg Wind Speed (m/s),qc,Avg Soil Temp (C),qc
6,Davis,Sacramento Valley,Jul 1982,83.07,K,,M,,M,,M,,M,,M,,M,85,L,31,L,,M,,M,,M,,M
6,Davis,Sacramento Valley,Aug 1982,168.47,K,,M,,M,,M,,M,,M,,M,90,L,41,L,,M,,M,,M,,M
6,Davis,Sacramento Valley,Sep 1982,139.46,K,84.00,L,198,L,1.4,L,28.0,L,10.7,L,18.3,L,85,L,40,L,64,L,11.1,L,3.0,L,20.3,L
6,Davis,Sacramento Valley,Oct 1982,114.38,K,640.00,K,160, ,1.2, ,26.3, ,8.9, ,16.4, ,88, ,37, ,63, ,8.6, ,2.6,K,17.6, 
6,Davis,Sacramento Valley,Nov 1982,43.57,K,132.00,K,78, ,0.9, ,14.6, ,4.0, ,8.4, ,95, ,69, ,85, ,6.0, ,2.5,K,12.2, 
6,Davis,Sacramento Valley,Dec 1982,29.12,K,34.00,L,71,L,0.9,L,12.9,L,3.1,L,7.5,L,90,L,69,L,82,L,4.5,L,2.8,L,9.7,L
6,Davis,Sacramento Valley,Jan 1983,31.78,K,146.00,L,60,L,0.8,L,11.5,L,3.1,L,6.6,L,85,L,66,L,76,L,2.6,L,2.4,L,8.4,L
6,Davis,Sacramento Valley,Feb 1983,14.26,K,168.00, ,90, ,0.9, ,16.1, ,6.0, ,10.4, ,80, ,56, ,71, ,5.3, ,3.0,K,10.7, 
6,Davis,Sacramento Valley,Mar 1983,64.78,K,213.00,K,138,K,1.1,K,18.1, ,6.7, ,11.6,K,93,K,61,K,81, ,8.3, ,2.7,K,12.4,K
6,Davis,Sacramento Valley,Apr 1983,126.82,K,78.00,K,214,K,1.0,K,20.9, ,6.1, ,12.4,K,90,K,44,K,68, ,6.3, ,3.1,K,13.8,K
6,Davis,Sacramento Valley,May 1983,215.97,K,8.00,K,291,K,1.1,K,28.8, ,9.8, ,18.3,K,85,K,28,K,54, ,8.0, ,3.3,K,15.9,K
6,Davis,Sacramento Valley,Jun 1983,238.33,K,9.00,K,324,K,1.2,K,33.1, ,12.6, ,21.9,K,85,K,20,K,45, ,8.9, ,3.2,K,22.2,K
6,Davis,Sacramento Valley,Jul 1983,238.83,K,0.00,K,316,K,1.2,K,32.9, ,13.2,K,22.5,K,84,K,20,K,46, ,9.4, ,3.1,K,23.3,K
6,Davis,Sacramento Valley,Aug 1983,217.03,K,1.00, ,277, ,1.4, ,32.8, ,15.1, ,23.4, ,85, ,22, ,49, ,11.6, ,2.7,K,24.2, 
6,Davis,Sacramento Valley,Sep 1983,178.57,K,13.00, ,222, ,1.2, ,31.5, ,13.8, ,22.1, ,77, ,23, ,45, ,8.3, ,2.6,K,21.7, 
6,Davis,Sacramento Valley,Oct 1983,120.32,K,15.00,L,158,L,1.1,L,26.7,L,10.5,L,17.9,L,85,L,29,L,54,L,7.9,L,2.0,L,18.6,L
6,Davis,Sacramento Valley,Nov 1983,47.22,K,165.00,K,77,K,0.9,K,14.4,K,3.9,K,8.6,K,85,K,60,K,75,L,5.3,L,2.6,K,14.0,K
6,Davis,Sacramento Valley,Dec 1983,32.94,K,168.00,K,52,K,0.7,K,10.3, ,2.0, ,5.6,K,82,K,69,K,78, ,2.0, ,2.8,K,10.9,K
6,Davis,Sacramento Valley,Jan 1984,48.86, ,11.00, ,84, ,0.6, ,10.9, ,-0.2,K,4.6, ,82, ,60, ,74, ,0.1, ,2.3,K,8.8, 
6,Davis,Sacramento Valley,Feb 1984,62.78,K,32.00,L,121,L,0.7,L,15.4,L,1.5,L,7.7,L,82,L,52,L,69,L,2.4,L,2.2,L,9.6,L
6,Davis,Sacramento Valley,Mar 1984,152.23, ,27.00, ,199, ,0.8, ,21.0, ,6.3, ,13.4, ,71, ,32, ,51, ,2.5, ,3.4,K,13.3, 
6,Davis,Sacramento Valley,Apr 1984,188.63, ,10.00, ,260, ,0.7, ,22.1, ,6.2, ,14.0, ,70, ,20, ,42, ,0.5, ,3.3,K,14.9,K
6,Davis,Sacramento Valley,May 1984,245.52,K,2.00,L,299,L,0.9,L,29.5,L,11.8,L,20.8,L,67,K,20,K,38,L,5.4,L,2.9,L,19.0,L
6,Davis,Sacramento Valley,Jun 1984,246.95,K,4.00,K,323, ,1.3, ,31.1, ,12.3, ,21.7, ,79, ,30, ,51, ,10.5, ,3.3,K,21.3, 
6,Davis,Sacramento Valley,Jul 1984,228.11,K,2.00,K,334,K,1.6,K,35.0,K,15.3,K,24.9,K,78,K,29,K,50,L,13.5,L,2.7,K,24.1,K
6,Davis,Sacramento Valley,Aug 1984,185.29,K,5.00,K,287,K,1.5,K,32.9, ,13.4, ,22.0,K,85,K,31,K,58, ,13.2, ,2.7,K,23.6,K
6,Davis,Sacramento Valley,Sep 1984,174.59, ,3.00, ,233, ,1.2, ,33.1, ,14.5, ,14.5, ,64, ,22, ,69, ,8.4, ,2.9, ,21.0, 
6,Davis,Sacramento Valley,Oct 1984,96.29, ,26.00, ,153, ,1.1, ,22.7, ,8.6, ,11.9, ,86, ,42, ,79, ,7.9, ,2.9, ,17.1, 
6,Davis,Sacramento Valley,Nov 1984,35.16,K,153.00,L,76,L,1.0,L,14.3,L,3.9,L,8.8,L,97,L,71,L,86,L,6.3,L,2.8,L,12.7,L
6,Davis,Sacramento Valley,Dec 1984,24.72,K,18.00,L,73,L,0.8,L,10.9,L,1.5,L,5.6,L,97,L,77,L,89,L,3.8,L,2.5,L,9.3,L
6,Davis,Sacramento Valley,Jan 1985,18.97, ,26.00, ,69, ,0.7, ,8.8, ,-0.4,K,3.4, ,98, ,82, ,94, ,2.4, ,1.7, ,7.5, 
6,Davis,Sacramento Valley,Feb 1985,75.10, ,48.00, ,155, ,0.8, ,17.8, ,3.2, ,9.9, ,88, ,48, ,68, ,3.9, ,3.2, ,8.7, 
6,Davis,Sacramento Valley,Mar 1985,82.45, ,83.00,L,171,L,0.9,L,16.9,L,3.8,L,9.8,L,93, ,53, ,74,L,5.2,L,3.1,L,10.8,L
6,Davis,Sacramento Valley,Apr 1985,146.35,K,8.00,L,267,L,1.2,L,25.2,L,8.6,L,16.4,L,88,L,43,L,65,L,9.3,L,3.0,L,16.1,L
6,Davis,Sacramento Valley,May 1985,183.62,K,1.00,K,305,K,1.1,K,25.8, ,8.6, ,17.2,K,83,K,36,K,56, ,8.0, ,3.5,K,20.2,K
6,Davis,Sacramento Valley,Jun 1985,227.22, ,4.00,K,327, ,1.4, ,33.7, ,14.0, ,23.9, ,78, ,27, ,47, ,11.3, ,3.1, ,23.9, 
6,Davis,Sacramento Valley,Jul 1985,209.24,K,5.00, ,297, ,1.4, ,34.6, ,14.9, ,24.3, ,78, ,27, ,48, ,12.0, ,2.7, ,24.3, 
6,Davis,Sacramento Valley,Aug 1985,196.33,K,0.00, ,283,K,1.4, ,31.6, ,12.0, ,21.4, ,90, ,30, ,55, ,11.5, ,2.7, ,22.2, 
6,Davis,Sacramento Valley,Sep 1985,134.60, ,15.00, ,222, ,1.3, ,27.6, ,11.3, ,18.9, ,90, ,37, ,61, ,10.7, ,2.8, ,19.8, 
6,Davis,Sacramento Valley,Oct 1985,115.63, ,12.00, ,170, ,1.0, ,25.3, ,8.8, ,16.6, ,81, ,33, ,55, ,6.0, ,2.9, ,16.9, 
6,Davis,Sacramento Valley,Nov 1985,50.58,K,115.00, ,89, ,0.8, ,15.1, ,3.0,K,8.6, ,91, ,57, ,74, ,3.5, ,2.6,K,11.4, 
6,Davis,Sacramento Valley,Dec 1985,23.28,K,80.00,K,59, ,0.7,K,8.6, ,-0.5,K,3.1,K,98,K,81,K,93, ,2.1, ,2.2,K,8.7, 
6,Davis,Sacramento Valley,Jan 1986,22.76,K,119.00, ,63, ,1.1, ,13.6, ,5.4, ,8.9, ,98, ,82, ,93, ,7.8, ,2.2,K,10.6, 
6,Davis,Sacramento Valley,Feb 1986,42.03,K,248.00, ,118,K,1.2, ,16.9, ,6.8, ,11.3, ,95, ,70, ,86, ,8.9, ,3.5,K,11.7, 
6,Davis,Sacramento Valley,Mar 1986,83.71, ,124.00,K,176, ,1.3, ,20.2, ,7.3, ,13.1, ,95, ,62, ,82, ,10.0, ,2.6, ,13.8, 
6,Davis,Sacramento Valley,Apr 1986,124.36,K,18.00,K,312,K,1.1,K,21.9, ,7.0, ,14.3,K,92,K,45,K,66, ,7.6, ,2.7,K,16.8,K
6,Davis,Sacramento Valley,May 1986,190.69, ,3.00,K,296, ,1.1, ,27.3, ,10.0,K,18.5, ,84, ,30, ,51, ,7.6, ,3.2, ,19.7,K
6,Davis,Sacramento Valley,Jun 1986,214.52,K,8.00,K,338,K,1.4,K,31.6, ,11.6,K,21.8,K,83,K,32,K,54, ,11.5, ,3.0,K,22.3,K
6,Davis,Sacramento Valley,Jul 1986,213.39,K,8.00,K,317,K,1.3,K,31.8, ,3.0,K,20.4,K,86,K,29,K,54, ,10.4, ,3.0,K,23.1,K
6,Davis,Sacramento Valley,Aug 1986,213.66,K,9.00,L,303,L,0.8,L,32.1,L,8.6,L,21.3,L,55,K,16,K,31,L,1.5,L,2.4,L,23.5,L
6,Davis,Sacramento Valley,Sep 1986,129.74,K,21.00,L,221,L,1.2,L,25.9,L,10.1,L,17.5,L,84,K,39,K,60,L,8.7,L,2.9,L,19.2,L
6,Davis,Sacramento Valley,Oct 1986,129.17,K,1.00,L,176,L,0.8,L,26.4,L,9.9,L,17.6,L,58,L,24,L,40,L,1.9,L,2.9,L,16.9,L
6,Davis,Sacramento Valley,Nov 1986,102.31,K,4.00,L,126,L,0.5,L,21.2,L,5.0,L,12.7,L,44,K,24,K,36,L,-5.0,L,2.8,L,11.9,L
6,Davis,Sacramento Valley,Dec 1986,30.35,K,38.00, ,63, ,0.9,K,11.7,K,1.9,K,6.4, ,98,K,75,K,89, ,4.6, ,2.0, ,8.6, 
6,Davis,Sacramento Valley,Jan 1987,39.52,K,54.00, ,83, ,0.8,K,11.8, ,2.2, ,6.7, ,92,K,67,K,80, ,2.9, ,2.8, ,7.4, 
6,Davis,Sacramento Valley,Feb 1987,59.40, ,98.00, ,139, ,0.9, ,16.3, ,4.1, ,9.8, ,93, ,56, ,76, ,5.3, ,2.9, ,9.6, 
6,Davis,Sacramento Valley,Mar 1987,89.43,K,90.00,L,185,L,1.0,L,18.0,L,5.0,L,11.4,L,92,L,53,L,73,L,6.3,L,2.7,L,11.8,L
6,Davis,Sacramento Valley,Apr 1987,148.23, ,7.00,K,272, ,1.0, ,26.1, ,7.4, ,16.3, ,88, ,27, ,55, ,6.7, ,2.3, ,17.4,K
6,Davis,Sacramento Valley,May 1987,192.62,K,2.00,L,309,L,1.2,L,28.7,L,11.8,L,19.9,L,87,L,27,L,52,L,9.2,L,2.8,L,21.3,L
6,Davis,Sacramento Valley,Jun 1987,221.73, ,6.00,K,335,K,1.2, ,31.9, ,13.2, ,22.1, ,81, ,23, ,45, ,9.0, ,3.0, ,22.5,K
6,Davis,Sacramento Valley,Jul 1987,215.96,K,2.00, ,341, ,1.4, ,32.0, ,11.7, ,21.3, ,88, ,32, ,55, ,11.8, ,2.9, ,22.0,K
6,Davis,Sacramento Valley,Aug 1987,206.69,K,10.00,K,308, ,1.2, ,33.1, ,12.6, ,22.3, ,48, ,37, ,43, ,9.2, ,2.4, ,22.1, 
6,Davis,Sacramento Valley,Sep 1987,159.60, ,4.00, ,249, ,1.1, ,31.3, ,11.1,K,20.5, ,68, ,31, ,48, ,8.6, ,2.3, ,19.7,K
6,Davis,Sacramento Valley,Oct 1987,104.34, ,18.00, ,167, ,1.3, ,27.8, ,10.7, ,18.3, ,82, ,40, ,62, ,10.1, ,1.8, ,18.3, 
6,Davis,Sacramento Valley,Nov 1987,51.24,K,67.00,L,102,L,1.0,L,17.2,L,5.0,L,10.7,L,90,L,60,L,78,L,6.9,L,2.3,L,12.9,L
6,Davis,Sacramento Valley,Dec 1987,39.19,K,118.00, ,70, ,0.8, ,11.5, ,3.2,K,6.8, ,85, ,65, ,77, ,2.8, ,3.8, ,8.7, 
6,Davis,Sacramento Valley,Jan 1988,35.42, ,116.00, ,83, ,0.8, ,12.7, ,2.2, ,7.0, ,90, ,64, ,80, ,3.7, ,2.5, ,8.0, 
6,Davis,Sacramento Valley,Feb 1988,74.72,K,38.00,K,184,K,0.8, ,19.8,K,1.3,K,10.6,K,88,K,39,K,64,L,3.4,L,2.6,K,11.8,K
6,Davis,Sacramento Valley,Mar 1988,132.32,K,6.00,L,235,L,0.8,L,22.1,L,4.9,L,12.9,L,83,L,34,L,56,L,3.5,L,3.4,L,14.5,L
6,Davis,Sacramento Valley,Apr 1988,119.44,K,33.00,K,233,K,1.0,K,22.7, ,7.9, ,14.8, ,89,K,42,K,63, ,6.7, ,3.0, ,17.1, 
6,Davis,Sacramento Valley,May 1988,170.05, ,25.00, ,306,K,1.1,K,25.8, ,9.0,K,17.1, ,89,K,32,K,57, ,7.7, ,3.2, ,19.7, 
6,Davis,Sacramento Valley,Jun 1988,206.52,K,21.00,K,337,K,1.2, ,30.7, ,12.4, ,21.1, ,87, ,26, ,50, ,9.7, ,2.9,K,22.6, 
6,Davis,Sacramento Valley,Jul 1988,219.01, ,5.00,K,329, ,1.4, ,35.8, ,15.3, ,24.8, ,85, ,19, ,44, ,11.4, ,2.6, ,26.1, 
6,Davis,Sacramento Valley,Aug 1988,188.68,K,3.00,K,302,K,1.3,K,33.3, ,13.3, ,22.4,K,92,K,24,K,51, ,10.9, ,2.6,K,24.9,K
6,Davis,Sacramento Valley,Sep 1988,153.19, ,0.00, ,245, ,1.1, ,32.1, ,11.0, ,20.9, ,75, ,25, ,46, ,8.1, ,2.5, ,22.2, 
6,Davis,Sacramento Valley,Oct 1988,85.47, ,6.00, ,180, ,1.3,K,28.4, ,8.3, ,17.1, ,94,K,40,K,66, ,10.5, ,1.9, ,19.2, 
6,Davis,Sacramento Valley,Nov 1988,29.71,K,45.00, ,78,K,1.1,K,17.3, ,6.0,K,11.1, ,98,K,64,K,83, ,8.2, ,2.9, ,14.6, 
6,Davis,Sacramento Valley,Dec 1988,32.46,K,87.00,L,67,L,0.8,L,14.7,L,1.1,L,6.8,L,95,K,60,K,82,L,3.6,L,3.1,L,9.8,L
6,Davis,Sacramento Valley,Jan 1989,30.76,K,17.00,K,87,K,0.8,K,14.2, ,-0.4,K,5.8,K,97,K,59,K,83, ,3.1, ,2.5,K,7.9,K
6,Davis,Sacramento Valley,Feb 1989,41.05,K,19.00, ,95,K,0.7, ,14.2, ,-1.6,K,5.7, ,92, ,51, ,74, ,0.9, ,2.6, ,7.2, 
6,Davis,Sacramento Valley,Mar 1989,60.34,K,120.00,K,141,K,1.1,K,18.0, ,5.3, ,11.4, ,96,K,65,K,83, ,8.5, ,2.8, ,12.9, 
6,Davis,Sacramento Valley,Apr 1989,124.66,K,10.00,K,233,K,1.1,K,25.2, ,5.9,K,15.4,K,91,K,39,K,65, ,8.5, ,2.7,K,17.3,K
6,Davis,Sacramento Valley,May 1989,184.82, ,7.00,K,325, ,1.2, ,26.8, ,9.5, ,18.0, ,88, ,37, ,58, ,9.4, ,3.1, ,21.6, 
6,Davis,Sacramento Valley,Jun 1989,217.99,K,15.00,K,333, ,1.2,K,30.0, ,13.1, ,21.1, ,72,K,31,K,48, ,9.0, ,3.3,K,24.1,K
6,Davis,Sacramento Valley,Jul 1989,225.65, ,10.00,K,346, ,1.3, ,33.8, ,12.8, ,23.0, ,75, ,25, ,45, ,10.3, ,2.5, ,25.3, 
6,Davis,Sacramento Valley,Aug 1989,191.62, ,11.00,K,304, ,1.3,K,31.8, ,12.2, ,21.5, ,81,K,29,K,51, ,10.8, ,2.5, ,25.3, 
6,Davis,Sacramento Valley,Sep 1989,135.57,K,57.00,L,238,L,1.2,L,29.3,L,11.2,L,19.5,L,80,L,30,L,53,L,9.2,L,2.3,L,22.9,L
6,Davis,Sacramento Valley,Oct 1989,89.77,K,38.00,K,170, ,1.2,K,24.8, ,8.7, ,15.8, ,93,K,44,K,69, ,9.8, ,2.3, ,18.9, 
6,Davis,Sacramento Valley,Nov 1989,51.08,K,31.00, ,120,K,1.0,K,20.7, ,3.4, ,11.0, ,96,K,47,K,73, ,6.2, ,1.9, ,13.9, 
6,Davis,Sacramento Valley,Dec 1989,57.94,K,3.00,L,77,L,0.5,L,12.4,L,1.3,L,5.9,L,71,L,35,L,79,L,2.9,L,2.1,L,10.2,L
6,Davis,Sacramento Valley,Jan 1990,40.35, ,113.00, ,92, ,0.7, ,13.4, ,2.0, ,7.2, ,89, ,48, ,70, ,1.8, ,2.5, ,9.3, 
6,Davis,Sacramento Valley,Feb 1990,60.42, ,84.00,K,142, ,0.6, ,15.3, ,1.2, ,7.6, ,84, ,34, ,60, ,-0.2, ,2.6, ,8.5, 
6,Davis,Sacramento Valley,Mar 1990,104.32, ,21.00,K,200,K,0.8,K,20.3, ,4.7, ,12.1,K,81,K,33,K,57, ,3.5, ,2.4,K,12.7,K
6,Davis,Sacramento Valley,Apr 1990,165.15,K,14.00,K,259, ,0.9,K,25.1, ,9.2, ,16.9, ,60,K,32,K,46, ,4.8, ,3.1, ,18.9, 
6,Davis,Sacramento Valley,May 1990,186.14,K,46.00,K,295, ,1.1,K,25.2, ,10.5, ,17.5, ,85,K,36,K,57, ,8.3, ,3.7, ,20.6, 
6,Davis,Sacramento Valley,Jun 1990,219.23,K,1.00,L,357,L,1.4,L,31.5,L,12.6,L,21.8,L,84,L,30,L,52,L,11.3,L,3.0,L,23.8,L
6,Davis,Sacramento Valley,Jul 1990,213.93,K,1.00,K,334,K,1.7,K,34.3, ,14.6, ,23.8,K,86,K,37,K,58, ,15.0, ,2.7,K,27.4,K
6,Davis,Sacramento Valley,Aug 1990,186.09, ,2.00, ,289,K,1.7, ,32.8, ,14.8, ,23.3, ,85, ,40, ,60, ,14.8, ,2.9, ,26.3, 
6,Davis,Sacramento Valley,Sep 1990,151.22,K,1.00,K,236, ,1.4,K,32.0, ,13.0, ,22.0, ,87,K,30,K,54, ,11.8, ,2.5, ,24.0, 
6,Davis,Sacramento Valley,Oct 1990,124.41,K,3.00, ,185, ,1.1,K,27.9, ,9.7, ,18.4, ,77,K,32,K,52, ,7.8, ,2.9, ,19.2, 
6,Davis,Sacramento Valley,Nov 1990,68.99,K,6.00, ,122, ,0.8,K,19.4, ,3.5,K,10.9, ,84,K,42,K,61, ,3.2, ,2.8, ,14.0, 
6,Davis,Sacramento Valley,Dec 1990,39.94,K,34.00, ,97,K,0.6,K,11.5, ,-1.6,K,4.3, ,81,K,44,K,65, ,-2.2, ,2.3, ,9.1, 
6,Davis,Sacramento Valley,Jan 1991,43.21,K,8.00, ,93,K,0.8,K,14.4, ,1.8,K,7.5, ,91,K,60,K,77, ,3.2, ,2.4, ,8.8, 
6,Davis,Sacramento Valley,Feb 1991,47.08,K,81.00, ,132, ,1.1,K,19.2, ,6.3, ,12.0, ,95,K,61,K,81, ,8.7, ,2.2, ,11.7, 
6,Davis,Sacramento Valley,Mar 1991,58.67, ,195.00, ,157, ,1.0, ,14.9, ,5.0, ,9.7, ,99, ,64, ,85, ,7.1, ,3.3, ,12.4, 
6,Davis,Sacramento Valley,Apr 1991,143.94,K,18.00, ,267,K,0.8,K,20.9, ,6.8, ,13.7, ,79,K,34,K,55, ,3.7, ,3.1, ,15.6, 
6,Davis,Sacramento Valley,May 1991,185.35, ,2.00, ,306, ,1.0, ,24.6, ,8.7,K,16.7, ,79, ,30, ,51, ,6.0, ,3.2, ,19.1,K
6,Davis,Sacramento Valley,Jun 1991,209.81, ,7.00, ,339, ,1.2, ,29.2, ,11.5, ,20.1, ,79, ,33, ,52, ,9.4, ,3.3, ,22.5, 
6,Davis,Sacramento Valley,Jul 1991,222.67, ,5.00, ,347, ,1.6, ,34.0, ,14.6, ,23.4, ,80, ,34, ,55, ,13.6, ,2.7, ,25.1, 
6,Davis,Sacramento Valley,Aug 1991,187.18, ,0.00, ,305, ,1.4, ,31.0, ,12.5, ,21.0, ,84, ,34, ,57, ,12.2, ,2.8, ,24.5, 
6,Davis,Sacramento Valley,Sep 1991,148.74, ,0.00, ,245, ,1.4, ,33.3, ,12.8, ,22.1, ,80, ,30, ,53, ,12.0, ,2.2, ,23.4, 
6,Davis,Sacramento Valley,Oct 1991,128.04, ,12.00, ,171, ,0.9, ,29.2, ,11.2, ,19.6, ,63, ,24, ,41, ,5.2, ,2.8, ,20.2, 
6,Davis,Sacramento Valley,Nov 1991,79.34,K,4.00,L,116,L,0.9,L,20.5,L,5.5,L,12.8,L,79,K,35,K,56,L,3.7,L,3.1,L,14.3,L
6,Davis,Sacramento Valley,Dec 1991,44.23,K,53.00, ,79, ,0.8,K,13.5, ,2.2, ,7.3, ,91,K,58,K,77, ,3.3, ,2.6, ,10.5,K
6,Davis,Sacramento Valley,Jan 1992,27.89,K,40.00, ,61, ,0.9,K,9.7, ,2.8, ,5.8, ,100,K,80,K,94, ,5.1, ,2.3, ,9.2, 
6,Davis,Sacramento Valley,Feb 1992,48.84, ,214.00, ,112, ,1.1, ,17.5,K,7.8, ,12.2, ,96, ,52, ,75, ,7.7, ,2.8, ,11.7, 
6,Davis,Sacramento Valley,Mar 1992,81.18,K,81.00,K,171,K,1.1,K,19.3, ,8.0, ,13.1,K,94,K,49,K,72, ,8.2, ,2.3,K,14.0,K
6,Davis,Sacramento Valley,Apr 1992,137.33, ,13.00, ,242, ,1.1, ,24.1, ,9.0, ,16.3, ,86, ,36, ,58, ,7.7, ,2.5, ,17.6,K
6,Davis,Sacramento Valley,May 1992,201.95, ,0.00, ,302, ,1.3, ,30.9, ,12.4, ,21.1, ,80, ,34, ,54, ,11.1, ,2.9, ,22.4,K
6,Davis,Sacramento Valley,Jun 1992,185.84,K,4.00, ,291, ,1.4,K,29.7, ,13.1,K,21.0,K,81,K,35,K,56, ,11.8, ,2.9, ,24.0, 
6,Davis,Sacramento Valley,Jul 1992,214.99, ,1.00, ,324, ,1.4, ,32.4, ,14.2, ,22.8, ,82, ,29, ,52, ,12.3, ,2.8, ,24.5, 
6,Davis,Sacramento Valley,Aug 1992,198.63, ,0.00, ,293,K,1.4, ,34.3, ,13.6,K,23.7, ,79, ,23, ,47, ,11.2, ,2.5, ,24.6,K
6,Davis,Sacramento Valley,Sep 1992,158.73, ,1.00, ,237, ,1.2, ,31.6, ,12.7, ,21.5, ,75, ,23, ,46, ,8.7, ,2.7, ,21.7, 
6,Davis,Sacramento Valley,Oct 1992,100.51,K,45.00,L,159,L,1.2,L,26.6,L,11.2,L,18.4,L,79,L,37,L,58,L,8.9,L,2.5,L,18.5,L
6,Davis,Sacramento Valley,Nov 1992,68.00, ,5.00, ,111, ,0.9, ,18.8, ,5.6, ,12.0, ,83, ,40, ,60, ,4.1, ,2.8, ,14.0, 
6,Davis,Sacramento Valley,Dec 1992,23.32, ,157.00, ,58, ,0.8, ,10.6, ,2.4, ,6.6, ,96, ,70, ,85, ,4.1, ,3.3, ,9.7, 
6,Davis,Sacramento Valley,Jan 1993,23.33, ,265.00, ,72, ,0.9, ,11.4, ,2.7, ,6.7, ,98, ,70, ,88, ,4.7, ,3.0, ,8.1, 
6,Davis,Sacramento Valley,Feb 1993,34.18,K,147.00,K,105,K,1.0, ,14.2, ,4.3, ,9.2, ,97, ,64, ,83, ,6.5, ,2.8, ,9.6, 
6,Davis,Sacramento Valley,Mar 1993,73.82, ,48.00, ,171, ,1.3, ,20.2, ,8.6, ,13.9, ,99, ,58, ,81, ,10.7, ,2.2, ,13.8, 
6,Davis,Sacramento Valley,Apr 1993,139.37, ,16.00, ,246, ,1.0, ,22.0, ,7.7, ,15.1, ,89, ,37, ,60, ,6.8, ,3.0, ,15.7, 
6,Davis,Sacramento Valley,May 1993,167.72, ,18.00,K,274,K,1.2, ,25.0, ,10.2,K,18.1, ,87, ,38, ,59, ,9.6, ,3.1, ,20.0, 
6,Davis,Sacramento Valley,Jun 1993,211.34,K,33.00,L,311,L,1.3,L,30.6,L,13.1,L,22.4,L,80,L,29,L,50,L,10.3,L,3.2,L,23.0,L
6,Davis,Sacramento Valley,Jul 1993,225.09, ,0.00, ,340, ,1.5, ,32.5, ,13.0,K,23.4, ,84, ,30, ,51, ,12.5, ,2.8, ,25.2,K
6,Davis,Sacramento Valley,Aug 1993,200.26, ,3.00,K,309,K,1.4, ,32.0, ,13.5,K,22.7, ,80, ,29, ,51, ,11.5, ,2.8, ,24.3, 
6,Davis,Sacramento Valley,Sep 1993,154.42, ,2.00, ,253, ,1.2, ,31.6, ,11.6,K,21.2, ,76, ,25, ,47, ,8.8, ,2.2, ,22.4, 
6,Davis,Sacramento Valley,Oct 1993,96.67, ,8.00, ,158, ,1.2, ,25.8, ,11.2, ,17.9, ,80, ,37, ,58, ,8.7, ,2.2, ,19.1, 
6,Davis,Sacramento Valley,Nov 1993,68.26, ,51.00, ,122, ,0.7, ,18.1, ,4.2,K,10.8, ,74, ,37, ,54, ,0.9, ,2.7, ,12.7, 
6,Davis,Sacramento Valley,Dec 1993,17.39, ,43.00, ,73,K,0.9, ,11.2, ,2.4, ,6.6, ,99, ,75, ,90, ,5.1, ,2.3, ,9.9, 
6,Davis,Sacramento Valley,Jan 1994,27.02,K,56.00, ,93,K,0.9,K,14.1, ,2.7, ,7.9, ,100,K,65,K,88, ,6.0, ,2.1,K,9.4,K
6,Davis,Sacramento Valley,Feb 1994,41.81, ,80.00, ,129, ,0.9, ,14.9, ,3.5, ,8.8, ,98, ,59, ,82, ,5.8, ,2.7, ,9.6, 
6,Davis,Sacramento Valley,Mar 1994,102.64, ,2.00, ,212, ,1.0, ,20.7, ,5.0, ,12.7, ,94, ,43, ,69, ,7.0, ,2.6, ,13.3, 
6,Davis,Sacramento Valley,Apr 1994,134.96,K,19.00,K,260, ,1.1, ,22.8, ,7.3, ,15.1,K,92,K,39,K,63, ,7.7, ,2.8, ,17.9,K
6,Davis,Sacramento Valley,May 1994,162.81,K,26.00,K,302,K,1.3,K,25.2, ,9.8,K,17.5,K,94,K,44,K,66, ,10.9, ,2.8,K,20.6,K
6,Davis,Sacramento Valley,Jun 1994,222.14, ,0.00, ,359, ,1.2, ,30.9, ,11.4,K,21.5, ,83, ,24, ,47, ,9.5, ,3.0, ,23.1, 
6,Davis,Sacramento Valley,Jul 1994,208.15, ,0.00, ,335, ,1.5, ,32.5, ,12.8, ,21.9, ,87, ,33, ,58, ,13.1, ,2.7, ,25.9,K
6,Davis,Sacramento Valley,Aug 1994,192.28, ,0.00, ,324,K,1.4, ,33.0, ,11.0,K,22.3, ,90, ,25, ,53, ,11.9, ,2.4, ,25.0, 
6,Davis,Sacramento Valley,Sep 1994,137.10,K,6.00,K,240,K,1.4, ,30.8, ,11.6,K,20.8, ,86, ,29, ,55, ,11.4, ,2.3,K,23.3,K
6,Davis,Sacramento Valley,Oct 1994,102.91, ,16.00, ,178, ,1.0, ,25.1, ,8.4, ,16.4, ,82, ,31, ,55, ,6.9, ,2.4, ,18.6, 
6,Davis,Sacramento Valley,Nov 1994,44.69, ,99.00, ,109, ,0.8, ,13.7, ,3.6, ,8.5, ,90, ,54, ,74, ,3.7, ,3.1, ,12.4, 
6,Davis,Sacramento Valley,Dec 1994,10.76, ,57.00,K,59, ,0.9, ,9.8, ,2.6, ,6.2, ,100, ,80, ,92, ,5.0, ,2.2, ,10.0, 
6,Davis,Sacramento Valley,Jan 1995,18.96, ,170.00,K,57, ,1.2,K,13.5, ,7.4,K,10.4, ,99, ,82, ,93,K,9.4,K,3.3,K,10.9,K
6,Davis,Sacramento Valley,Feb 1995,30.99, ,8.00, ,99,K,1.2,K,16.2, ,6.9, ,11.3, ,99, ,75, ,91,K,9.9,K,1.8, ,12.3, 
6,Davis,Sacramento Valley,Mar 1995,71.16, ,200.00, ,153,K,1.1, ,16.8, ,6.8,K,11.8, ,96, ,61, ,80, ,8.2, ,3.3,K,12.7, 
6,Davis,Sacramento Valley,Apr 1995,127.86, ,24.00,K,242,K,1.1,K,21.0, ,7.5,K,14.3, ,91, ,43, ,66,K,7.6,K,3.4, ,14.9, 
6,Davis,Sacramento Valley,May 1995,154.65, ,29.00,K,286,K,1.3,K,24.5, ,9.9, ,16.8,K,94,K,43,K,69, ,10.9, ,2.5,K,19.8,K
6,Davis,Sacramento Valley,Jun 1995,201.28, ,20.00, ,326, ,1.4,K,28.5,K,12.8,K,20.5, ,86, ,35, ,57,K,11.1,K,3.3,K,21.8, 
6,Davis,Sacramento Valley,Jul 1995,208.69,K,0.00,K,315, ,1.6,K,32.2,K,14.6,L,23.3,K,86,K,32,K,55, ,13.5, ,2.8,K,24.6,K
6,Davis,Sacramento Valley,Aug 1995,191.33, ,0.00, ,289, ,1.5, ,32.8, ,13.5,K,22.7, ,85, ,28, ,53, ,12.4, ,2.5,K,25.0,K
6,Davis,Sacramento Valley,Sep 1995,135.48, ,0.00,K,228, ,1.4, ,30.7, ,12.0,L,20.8, ,89, ,34, ,59, ,12.3, ,2.1, ,22.1, 
6,Davis,Sacramento Valley,Oct 1995,123.28, ,0.00, ,169, ,1.0, ,26.9, ,9.3,K,17.7, ,76, ,29, ,49, ,5.9, ,2.8,K,18.1, 
6,Davis,Sacramento Valley,Nov 1995,59.66, ,0.00, ,112, ,1.1, ,22.4, ,6.3, ,13.9, ,88, ,43, ,66, ,7.3, ,1.9,K,15.5, 
6,Davis,Sacramento Valley,Dec 1995,20.61, ,122.00,K,57, ,1.1,K,14.1,K,6.3,K,10.0, ,99, ,76, ,91,K,8.5,K,2.8,K,12.4,K
6,Davis,Sacramento Valley,Jan 1996,23.40, ,118.00,K,63, ,1.0, ,12.9, ,5.5, ,9.0, ,99, ,78, ,90, ,7.5, ,2.8,K,10.9, 
6,Davis,Sacramento Valley,Feb 1996,34.67, ,155.00,K,97, ,1.3,L,16.4,K,7.6,K,11.8, ,99, ,73, ,90,L,10.0,L,2.7,K,12.5, 
6,Davis,Sacramento Valley,Mar 1996,89.95, ,57.00, ,174, ,1.1, ,20.0, ,6.5, ,12.9, ,96, ,50, ,74, ,8.3, ,2.8,K,13.4,K
6,Davis,Sacramento Valley,Apr 1996,133.73, ,43.00, ,216, ,1.1,K,23.1,K,8.8,K,15.9, ,88, ,40, ,64,K,8.1,K,3.1,K,16.4, 
6,Davis,Sacramento Valley,May 1996,176.63,K,63.00, ,289,K,1.2,L,25.4, ,10.6,K,18.1,K,84,K,37,K,57,L,9.0,L,3.2,K,20.6,K
6,Davis,Sacramento Valley,Jun 1996,214.84, ,0.00, ,363,K,1.4, ,31.0, ,12.7, ,21.8, ,85, ,31, ,53, ,11.4, ,2.6, ,23.8,K
6,Davis,Sacramento Valley,Jul 1996,223.99, ,0.00, ,357,K,1.5, ,34.6, ,14.6,K,24.1, ,81, ,29, ,52, ,13.3, ,2.3, ,24.5, 
6,Davis,Sacramento Valley,Aug 1996,197.75, ,0.00, ,321,K,1.4, ,33.9,K,13.6,K,23.2, ,84, ,27, ,52, ,12.4, ,2.3,K,24.7, 
6,Davis,Sacramento Valley,Sep 1996,151.08, ,3.00,K,265,K,1.2,L,29.8, ,10.7,L,19.8, ,79, ,27, ,51,L,9.0,L,2.3, ,21.2, 
6,Davis,Sacramento Valley,Oct 1996,113.08,K,36.00,K,173,K,1.0,L,24.7,K,8.7,K,16.6, ,74, ,32, ,52,L,5.8,L,3.0,K,16.6,L
6,Davis,Sacramento Valley,Nov 1996,47.41, ,37.00,K,107,K,1.1,K,17.8, ,6.7,K,12.0, ,95, ,57, ,77,K,7.8,K,2.6,K,13.7, 
6,Davis,Sacramento Valley,Dec 1996,28.46, ,128.00,K,66, ,1.1,K,13.4, ,6.4,K,9.6, ,97, ,74, ,88,K,7.4,K,3.7,K,11.4, 
6,Davis,Sacramento Valley,Jan 1997,27.51, ,186.00,K,74, ,1.0,K,11.9,K,5.1,K,8.4, ,97, ,73, ,88,K,6.0,L,3.0,K,9.9,K
6,Davis,Sacramento Valley,Feb 1997,70.60, ,7.00, ,154,K,0.9,L,17.1, ,4.6, ,10.7, ,91, ,49, ,72,L,5.1,L,3.2,K,10.4, 
6,Davis,Sacramento Valley,Mar 1997,119.06, ,11.00,K,210,K,1.0,L,21.5,K,6.0,K,13.7, ,89, ,36, ,60,L,5.7,L,2.9,K,13.6,K
6,Davis,Sacramento Valley,Apr 1997,166.99, ,3.00,K,267,K,0.9,K,23.3, ,9.0, ,16.2, ,77, ,30, ,50,K,4.8,K,3.8,K,16.8,K
6,Davis,Sacramento Valley,May 1997,200.23, ,9.00, ,321, ,1.3,K,29.8,K,11.9,K,20.9, ,86, ,28, ,51,K,10.2,K,2.5, ,21.9,K
6,Davis,Sacramento Valley,Jun 1997,209.24, ,0.00, ,342, ,1.4, ,29.5, ,13.6, ,21.4, ,84, ,34, ,54, ,11.6, ,3.1,K,23.2, 
6,Davis,Sacramento Valley,Jul 1997,212.17,K,0.00,K,352,L,1.5,L,32.8,L,13.7,L,23.0,L,87,L,31,L,56,L,13.4,L,2.3,L,24.7,L
6,Davis,Sacramento Valley,Aug 1997,188.95, ,0.00, ,314,K,1.6,K,31.8, ,14.0,K,22.5, ,89, ,32, ,57,K,13.5,K,2.4, ,23.2, 
6,Davis,Sacramento Valley,Sep 1997,162.84, ,9.00, ,261,K,1.3,K,31.6, ,14.1, ,22.4, ,78, ,26, ,48,K,10.4,K,2.7,K,22.7,K
6,Davis,Sacramento Valley,Oct 1997,107.70, ,11.00, ,189,K,1.0, ,24.9, ,8.8,K,16.4, ,83, ,32, ,56, ,7.1, ,2.5,K,18.7,K
6,Davis,Sacramento Valley,Nov 1997,37.62,K,108.00,K,92, ,1.2, ,17.9,K,7.9, ,12.5, ,95, ,64, ,83, ,9.3, ,1.5, ,16.3,K
6,Davis,Sacramento Valley,Dec 1997,37.08,K,56.00,K,84,K,0.9,L,12.4, ,3.2,K,7.5,K,95,K,65,K,81,L,4.1,L,2.8,K,10.8,K
6,Davis,Sacramento Valley,Jan 1998,17.14, ,124.00,K,61, ,1.1,K,12.5, ,5.8, ,9.0, ,100, ,85, ,97,K,8.6,K,2.7, ,11.7,K
6,Davis,Sacramento Valley,Feb 1998,27.10, ,298.00,K,89, ,1.1, ,13.2, ,5.8, ,9.4, ,100, ,75, ,92, ,8.2, ,3.0,K,11.9, 
6,Davis,Sacramento Valley,Mar 1998,82.04, ,47.00,K,186,K,1.1,K,18.1,K,6.0,K,11.7, ,98, ,55, ,79,K,8.1,K,2.3, ,15.1,L
6,Davis,Sacramento Valley,Apr 1998,120.87, ,32.00, ,247,K,1.1,K,20.5, ,7.4, ,13.6, ,97, ,46, ,72,K,8.3,K,2.5, ,15.4, 
6,Davis,Sacramento Valley,May 1998,112.71, ,59.00,K,217, ,1.2, ,20.2,K,9.1,K,14.3, ,96, ,53, ,75, ,9.8, ,2.8, ,18.8,L
6,Davis,Sacramento Valley,Jun 1998,181.17, ,0.00, ,309, ,1.5, ,26.6,K,12.4, ,19.2, ,93, ,44, ,67, ,12.6, ,3.2,K,21.0,L
6,Davis,Sacramento Valley,Jul 1998,209.95, ,0.00, ,343,K,1.7,L,32.7,K,14.3,L,23.1, ,92, ,34, ,60,L,14.9,L,2.4,K,24.8,L
6,Davis,Sacramento Valley,Aug 1998,186.25,K,0.00, ,302, ,1.7,K,34.2,K,14.4,K,23.6, ,90, ,31, ,57,K,14.4,K,2.1, ,24.8, 
6,Davis,Sacramento Valley,Sep 1998,135.01,K,12.00, ,230, ,1.6,K,29.4,K,14.2,K,21.2, ,88, ,40, ,62,K,13.2,L,2.5,K,21.9,K
6,Davis,Sacramento Valley,Oct 1998,109.28, ,17.00, ,178, ,1.0, ,23.6, ,8.7,K,15.8, ,81, ,33, ,56, ,6.2, ,2.7,K,16.9,K
6,Davis,Sacramento Valley,Nov 1998,37.09, ,62.00, ,98, ,1.1, ,16.4, ,6.2, ,11.0, ,99, ,64, ,86, ,8.6, ,2.5,K,13.0, 
6,Davis,Sacramento Valley,Dec 1998,36.95, ,16.00, ,97, ,0.8,K,11.8, ,0.2,K,5.6, ,97, ,57, ,80,K,2.3,K,2.5, ,8.2,K
6,Davis,Sacramento Valley,Jan 1999,25.90, ,42.00,K,75, ,0.9,K,11.1,K,2.9,K,6.5, ,99, ,76, ,91,K,5.1,K,2.6,K,8.5, 
6,Davis,Sacramento Valley,Feb 1999,40.84, ,104.00,K,119, ,1.0, ,13.9, ,3.6, ,8.6, ,99, ,63, ,85, ,6.3, ,2.8,K,9.5, 
6,Davis,Sacramento Valley,Mar 1999,81.27,K,39.00,K,183,K,0.9,K,16.0,K,4.4, ,10.0,K,96,K,51,K,75, ,5.7, ,2.5,K,12.1,K
6,Davis,Sacramento Valley,Apr 1999,157.77, ,30.00, ,261, ,0.9, ,21.6,K,6.9,K,14.2, ,85, ,35, ,56, ,5.0, ,3.9,K,15.2,K
6,Davis,Sacramento Valley,May 1999,197.21,K,1.00, ,319,L,1.1,K,25.9, ,8.8,K,17.3,K,85,K,32,K,54,K,7.5,K,3.3,K,19.9, 
6,Davis,Sacramento Valley,Jun 1999,199.52,K,0.00,K,327,K,1.3,L,29.7,K,11.7,L,20.6,K,86,K,30,K,54,L,10.9,L,2.7,K,22.9,K
6,Davis,Sacramento Valley,Jul 1999,211.32, ,0.00, ,324, ,1.3,K,30.7,K,12.1,K,21.2, ,84, ,29, ,53,K,11.0,K,2.9,K,23.5, 
6,Davis,Sacramento Valley,Aug 1999,177.91,K,0.00, ,288,K,1.5,L,30.9,K,13.4,L,21.8, ,86, ,33, ,57,L,12.7,L,2.6,K,23.4, 
6,Davis,Sacramento Valley,Sep 1999,152.67, ,0.00, ,239, ,1.3,K,31.6, ,12.5,K,21.3, ,79, ,27, ,51,K,10.4,L,2.3,K,22.0, 
6,Davis,Sacramento Valley,Oct 1999,115.40, ,5.00, ,174, ,1.0,K,27.5, ,9.5,K,17.9, ,72, ,27, ,48,K,5.6,K,2.4,K,18.0,L
6,Davis,Sacramento Valley,Nov 1999,42.70, ,35.80, ,105, ,1.1, ,18.5, ,6.8, ,12.0, ,97, ,59, ,80, ,8.6, ,1.8, ,9.7,L
6,Davis,Sacramento Valley,Dec 1999,55.99, ,1.90, ,105, ,0.7, ,15.9,K,1.2, ,8.1, ,90, ,43, ,67, ,2.0, ,2.6,K,6.6,K
6,Davis,Sacramento Valley,Jan 2000,28.94, ,112.30,K,74, ,1.0, ,13.9, ,4.5, ,9.0, ,96, ,68, ,85, ,6.4, ,2.5,K,8.2,K
6,Davis,Sacramento Valley,Feb 2000,34.25, ,186.50, ,103, ,1.1,K,14.5, ,6.1, ,10.2, ,98,K,75,K,90, ,8.5, ,2.6,K,10.2, 
6,Davis,Sacramento Valley,Mar 2000,111.99, ,39.60, ,202,K,1.0, ,19.2, ,6.2, ,12.5, ,89, ,47, ,68, ,6.0, ,3.1,K,11.8, 
6,Davis,Sacramento Valley,Apr 2000,141.98, ,31.60,L,262,L,1.1,L,23.6,L,8.1,L,15.6,L,87, ,36, ,61,L,7.8,L,2.7,L,16.2,L
6,Davis,Sacramento Valley,May 2000,171.06,K,11.80,K,277, ,1.2,L,26.5,K,11.0,K,18.9,K,86,K,34,K,57,L,9.7,L,2.7,K,19.3,K
6,Davis,Sacramento Valley,Jun 2000,216.56,K,0.20, ,336, ,1.4, ,31.5,K,13.1,L,22.3,K,83,K,31,K,53, ,11.8, ,3.0,K,21.3, 
6,Davis,Sacramento Valley,Jul 2000,201.50, ,0.00, ,329, ,1.4, ,30.8,K,12.3, ,21.1, ,89, ,32, ,58, ,12.4, ,2.5, ,21.4,K
6,Davis,Sacramento Valley,Aug 2000,179.09,K,5.80,L,286,L,1.4,L,31.7,L,12.3,L,22.0,L,85,K,30,K,54,L,11.6,L,2.4,L,21.4,L
6,Davis,Sacramento Valley,Sep 2000,144.03,K,3.20, ,237, ,1.2, ,30.2,K,12.6,K,21.0, ,81, ,28, ,51, ,10.0, ,2.4,K,18.9,K
6,Davis,Sacramento Valley,Oct 2000,88.59, ,53.10, ,148, ,1.2,K,23.5,K,9.5, ,15.6, ,88, ,43, ,66,K,8.8,K,2.7,K,16.0,K
6,Davis,Sacramento Valley,Nov 2000,41.82, ,17.50, ,94, ,0.9, ,15.0,K,3.1,K,8.7, ,94, ,57, ,78, ,4.8, ,2.0,K,10.5,K
6,Davis,Sacramento Valley,Dec 2000,30.79,K,9.70,K,79, ,0.9, ,13.8, ,2.6, ,7.7, ,97, ,64, ,84, ,5.0, ,2.0,K,8.7, 
6,Davis,Sacramento Valley,Jan 2001,40.39, ,68.40, ,93, ,0.8, ,13.1, ,1.3, ,6.6, ,93, ,58, ,78, ,3.0, ,2.8,K,6.6,K
6,Davis,Sacramento Valley,Feb 2001,54.01, ,122.20, ,125,K,0.8, ,14.0,K,4.1, ,8.5, ,93, ,57, ,76, ,4.1, ,3.3,K,7.6, 
6,Davis,Sacramento Valley,Mar 2001,107.30,K,57.40, ,206,K,1.1,K,21.1,K,7.0,K,13.7, ,92, ,45, ,69,K,7.7,K,2.7, ,11.5,K
6,Davis,Sacramento Valley,Apr 2001,132.19, ,26.60, ,265,K,0.9, ,20.5,K,5.3,K,12.8, ,89, ,37, ,62, ,5.6, ,2.6, ,13.9, 
6,Davis,Sacramento Valley,May 2001,231.82,K,0.30,K,336,K,1.1,K,31.8,K,12.1,L,22.1,K,74,K,21,K,41,K,7.8,K,3.3,K,18.1,K
6,Davis,Sacramento Valley,Jun 2001,216.70, ,0.00, ,340,K,1.2,L,31.4, ,13.1,L,22.4, ,79, ,24, ,45,L,9.3,L,2.8,K,19.3,K
6,Davis,Sacramento Valley,Jul 2001,215.60, ,0.00, ,343,L,1.4,L,31.4,K,13.0,L,21.8, ,84, ,31, ,55,L,12.2,L,2.9,K,21.1,L
6,Davis,Sacramento Valley,Aug 2001,193.73, ,0.00, ,309, ,1.4, ,32.9, ,12.7, ,22.1, ,86,K,27,K,53, ,12.0, ,2.5,K,19.7,L
6,Davis,Sacramento Valley,Sep 2001,142.44,K,0.00,K,241,K,1.3,K,30.7,K,11.5,K,20.3,K,85,L,27,L,53,L,10.3,L,2.0,K,18.5,K
6,Davis,Sacramento Valley,Oct 2001,107.83, ,10.90, ,165, ,1.0, ,27.1,K,10.0,K,18.1, ,77, ,30, ,51, ,7.0, ,2.2,K,15.8,K
6,Davis,Sacramento Valley,Nov 2001,42.72, ,69.90, ,96, ,1.1,K,18.1,K,8.1,K,12.6, ,93,K,58,K,77,K,8.4,K,2.3,K,12.7, 
6,Davis,Sacramento Valley,Dec 2001,24.40, ,163.00, ,60, ,1.0, ,12.1, ,5.5,K,8.8, ,94, ,72, ,85, ,6.2, ,3.0, ,8.8, 
6,Davis,Sacramento Valley,Jan 2002,32.95, ,55.10, ,91, ,0.8, ,11.7, ,2.4, ,6.7, ,96, ,64, ,82, ,3.8, ,2.2, ,7.6,K
6,Davis,Sacramento Valley,Feb 2002,58.25, ,19.10, ,143, ,0.9, ,17.0, ,4.0, ,10.0, ,94, ,53, ,75, ,5.5, ,2.4, ,7.6,K
6,Davis,Sacramento Valley,Mar 2002,105.24, ,38.70, ,199,K,0.9,K,18.5,K,4.5,K,11.3, ,87, ,41, ,64,K,4.1,K,2.9,K,9.4,K
6,Davis,Sacramento Valley,Apr 2002,125.83,K,2.10,K,246,K,1.0,K,22.1, ,6.2,K,14.4,K,88,K,40,K,62, ,6.9, ,2.7,K,13.8,K
6,Davis,Sacramento Valley,May 2002,173.44,K,13.90, ,266, ,1.1,K,26.7, ,9.1,K,17.8, ,85, ,30, ,53,K,7.7,K,2.8, ,15.9,K
6,Davis,Sacramento Valley,Jun 2002,214.34, ,0.00, ,305, ,1.3,K,31.4, ,13.1, ,22.0, ,77, ,28, ,50,L,10.6,L,3.3,K,19.2,K
6,Davis,Sacramento Valley,Jul 2002,205.44, ,0.00, ,298, ,1.4, ,33.3,K,13.5,K,22.9, ,82, ,27, ,51, ,12.0, ,2.6, ,20.7,K
6,Davis,Sacramento Valley,Aug 2002,185.64,K,0.00, ,282,K,1.3,K,32.4, ,12.2,L,22.0,K,82,K,26,K,50,K,10.6,K,2.5,K,20.3,L
6,Davis,Sacramento Valley,Sep 2002,138.56, ,0.00, ,200, ,1.1, ,31.7,K,12.0,L,21.4, ,74, ,22, ,44, ,8.0, ,2.4,K,18.8,K
6,Davis,Sacramento Valley,Oct 2002,108.69, ,0.10, ,169,K,0.9,K,25.5,K,7.7,K,15.9, ,75, ,28, ,49,K,4.4,K,2.4,K,14.6,L
6,Davis,Sacramento Valley,Nov 2002,52.31,K,70.50, ,101, ,1.0,K,18.7, ,5.9,K,11.6, ,88, ,52, ,71,K,5.5,K,2.4,K,10.1,K
6,Davis,Sacramento Valley,Dec 2002,24.06, ,207.00, ,61, ,1.0, ,13.4, ,5.0,K,8.8, ,95, ,70, ,85, ,6.3, ,2.8,K,7.4, 
6,Davis,Sacramento Valley,Jan 2003,20.57, ,47.30, ,63, ,1.1, ,13.4, ,6.4, ,9.5, ,98, ,81, ,93, ,8.4, ,1.9, ,8.2, 
6,Davis,Sacramento Valley,Feb 2003,58.09, ,33.80, ,135, ,0.9, ,15.9, ,3.5, ,9.3, ,91, ,49, ,72, ,4.3, ,2.6,K,7.6,K
6,Davis,Sacramento Valley,Mar 2003,100.10, ,67.30, ,194, ,1.0, ,19.9, ,6.4, ,12.8, ,91, ,45, ,70, ,7.3, ,2.7,K,10.2,K
6,Davis,Sacramento Valley,Apr 2003,105.02, ,65.60, ,219, ,1.0, ,17.8,K,5.6,K,11.8, ,91, ,47, ,70, ,6.4, ,2.9, ,10.4,K
6,Davis,Sacramento Valley,May 2003,181.33, ,19.10, ,296, ,1.2,K,26.2,K,10.2,K,18.0, ,84, ,36, ,57,K,8.8,K,2.8,K,15.7,L
6,Davis,Sacramento Valley,Jun 2003,210.92, ,0.00, ,340, ,1.3, ,31.0, ,12.9, ,21.5, ,81, ,32, ,53, ,11.0, ,2.8, ,18.7,K
6,Davis,Sacramento Valley,Jul 2003,221.82, ,0.00, ,330, ,1.4,K,35.1, ,15.1,K,24.7, ,78, ,24, ,46,K,12.3,K,2.4, ,21.5,L
6,Davis,Sacramento Valley,Aug 2003,185.16, ,6.80,K,297, ,1.5, ,32.4, ,13.7,L,22.6, ,86, ,27, ,53, ,12.5, ,2.3, ,20.2,L
6,Davis,Sacramento Valley,Sep 2003,159.38,K,0.00, ,243, ,1.2,K,32.1, ,13.0,K,22.0,K,75,K,24,K,46,K,9.1,K,2.5,K,18.2,L
6,Davis,Sacramento Valley,Oct 2003,118.51,K,0.00, ,175, ,0.9, ,28.4,K,9.2, ,18.2, ,72, ,25, ,45, ,5.4, ,2.2, ,14.8,K
6,Davis,Sacramento Valley,Nov 2003,41.73, ,31.00, ,100, ,0.9, ,15.6, ,4.4,K,9.8, ,90, ,54, ,74, ,5.3, ,2.1, ,9.7,K
6,Davis,Sacramento Valley,Dec 2003,21.61, ,124.20, ,62, ,1.0, ,12.5, ,4.6,K,8.4, ,94, ,72, ,85, ,6.0, ,2.4, ,7.2,K
6,Davis,Sacramento Valley,Jan 2004,22.40, ,56.20, ,66, ,0.9, ,11.4, ,3.8, ,7.3, ,95, ,72, ,86, ,5.1, ,2.1, ,5.3,K
6,Davis,Sacramento Valley,Feb 2004,44.74, ,155.90,K,114, ,0.9, ,14.7, ,4.6, ,9.4, ,93, ,59, ,79, ,5.8, ,2.7,K,5.8,K
6,Davis,Sacramento Valley,Mar 2004,113.80,K,12.00, ,203, ,1.1, ,22.5,K,7.7,K,14.8, ,86, ,42, ,64, ,7.7, ,2.6,K,9.3,L
6,Davis,Sacramento Valley,Apr 2004,153.64,K,3.70, ,249, ,0.9, ,24.3,K,7.6, ,15.8, ,81, ,30, ,52, ,5.4, ,3.0,K,10.5,K
6,Davis,Sacramento Valley,May 2004,189.14,K,0.00,L,307,L,1.1,L,26.8,L,9.9,L,18.3,L,82,L,29,L,51,L,7.8,L,2.6,L,14.6,L
6,Davis,Sacramento Valley,Jun 2004,210.02,K,0.00,K,345,K,1.3,K,30.6, ,12.1,L,21.5,K,79,K,29,K,50, ,10.3, ,2.6,K,16.7,L
6,Davis,Sacramento Valley,Jul 2004,212.06, ,0.00, ,339, ,1.4, ,32.4,K,13.2, ,22.1, ,84, ,29, ,54, ,12.3, ,2.4, ,,M
6,Davis,Sacramento Valley,Aug 2004,193.65, ,0.00, ,297, ,1.4,K,32.7, ,13.7,K,22.7, ,81, ,27, ,51,K,11.7,K,2.5,K,21.4,L
6,Davis,Sacramento Valley,Sep 2004,165.67,K,0.00, ,245,K,1.0,K,31.0,K,12.4,L,21.5, ,69, ,21, ,41,K,6.9,K,2.6,K,19.4,K
6,Davis,Sacramento Valley,Oct 2004,97.55, ,60.50,K,151, ,1.1, ,23.2,K,9.5,K,15.8, ,81, ,41, ,62, ,7.6, ,2.8,K,16.9,K
6,Davis,Sacramento Valley,Nov 2004,47.79, ,62.90,K,100, ,0.9, ,15.8, ,5.4,K,10.2, ,90, ,56, ,75, ,5.5, ,2.4,K,13.2, 
6,Davis,Sacramento Valley,Dec 2004,25.32, ,101.60, ,61, ,0.9, ,12.2,K,3.4, ,7.6, ,95, ,70, ,84, ,4.9, ,2.5, ,10.1, 
6,Davis,Sacramento Valley,Jan 2005,18.36,K,87.70,K,65, ,0.9, ,10.3, ,3.2, ,6.7, ,97, ,79, ,91, ,5.2, ,1.8, ,9.3, 
6,Davis,Sacramento Valley,Feb 2005,39.96, ,78.10, ,109, ,1.0, ,15.8, ,5.8, ,10.5, ,95, ,62, ,81, ,7.3, ,2.2, ,10.6, 
6,Davis,Sacramento Valley,Mar 2005,90.39, ,65.30, ,181, ,1.1, ,19.5,K,6.4, ,12.6, ,92, ,50, ,72, ,7.5, ,2.6,K,12.6, 
6,Davis,Sacramento Valley,Apr 2005,123.86, ,20.20, ,231,K,0.9, ,21.0, ,5.9,K,13.4, ,87, ,38, ,61, ,5.7, ,2.7, ,14.3, 
6,Davis,Sacramento Valley,May 2005,150.00, ,20.20, ,249, ,1.2, ,25.4, ,10.1,K,18.0, ,87, ,39, ,61, ,10.0, ,2.6, ,18.0,K
6,Davis,Sacramento Valley,Jun 2005,189.79, ,0.00, ,286, ,1.2,K,27.7,K,11.9,L,20.0, ,83, ,31, ,53,K,9.5,K,3.0, ,19.3,K
6,Davis,Sacramento Valley,Jul 2005,216.58, ,0.00, ,328, ,1.5, ,35.1, ,14.7, ,24.4, ,80, ,27, ,50, ,13.1, ,2.2, ,23.2,K
6,Davis,Sacramento Valley,Aug 2005,198.38, ,0.00, ,298, ,1.3,K,34.0, ,13.2,K,23.0, ,79, ,22, ,47,L,10.8,L,2.3,K,21.7,L
6,Davis,Sacramento Valley,Sep 2005,145.28, ,0.00, ,243, ,1.1,K,28.7, ,10.3,K,19.0, ,79, ,26, ,51,K,8.2,K,2.3,K,18.1,L
6,Davis,Sacramento Valley,Oct 2005,108.39, ,1.00, ,171,K,1.0, ,25.0,K,9.1,K,16.9, ,76, ,31, ,52, ,6.4, ,2.5,K,16.5,K
6,Davis,Sacramento Valley,Nov 2005,58.12, ,35.70, ,99, ,0.9, ,19.1,K,5.2, ,11.9, ,83, ,41, ,63, ,4.6, ,2.5,K,13.0, 
6,Davis,Sacramento Valley,Dec 2005,23.08, ,233.40, ,58, ,1.0,K,13.6, ,4.9,K,9.0, ,92, ,65, ,82,K,6.0,K,2.5, ,10.2, 
6,Davis,Sacramento Valley,Jan 2006,35.57,K,60.20, ,82, ,0.9, ,13.5, ,4.3, ,8.8, ,93, ,64, ,81, ,5.5, ,2.6,K,9.7, 
6,Davis,Sacramento Valley,Feb 2006,54.98, ,51.70, ,127, ,0.8, ,16.8, ,3.2,K,9.6, ,89, ,43, ,68, ,3.7, ,2.3,K,10.2, 
6,Davis,Sacramento Valley,Mar 2006,63.47, ,125.60, ,137, ,0.9, ,14.1,K,4.5,K,9.1, ,92, ,55, ,75, ,4.8, ,3.0,K,10.6,K
6,Davis,Sacramento Valley,Apr 2006,93.90, ,81.30, ,192, ,1.1, ,19.0,K,8.4, ,13.4, ,90, ,55, ,73, ,8.5, ,2.6, ,14.4,K
6,Davis,Sacramento Valley,May 2006,180.20, ,7.10, ,292, ,1.2, ,27.5, ,10.5, ,18.9, ,83,K,32,K,54, ,9.0, ,2.5, ,19.2,L
6,Davis,Sacramento Valley,Jun 2006,213.43,K,0.00, ,324, ,1.3, ,32.0,K,14.0,K,23.0,K,77,K,27,K,48, ,11.0, ,2.7, ,21.9,L
6,Davis,Sacramento Valley,Jul 2006,222.58,K,0.00, ,336, ,1.5, ,35.3,K,14.9,L,25.0,K,76,K,24,K,47, ,12.7, ,2.3, ,23.8,L
6,Davis,Sacramento Valley,Aug 2006,188.91, ,0.00, ,309,K,1.3,K,31.6, ,12.0,L,21.4, ,83, ,26, ,51,K,10.7,K,2.2, ,22.6,L
6,Davis,Sacramento Valley,Sep 2006,157.06, ,0.00, ,260,K,1.1,K,30.4,K,11.0, ,20.1, ,74, ,23, ,45,K,7.2,K,2.5,K,20.1,K
6,Davis,Sacramento Valley,Oct 2006,107.87,K,0.00, ,177, ,0.8,K,24.1, ,7.2,K,15.4, ,72, ,29, ,48,K,3.6,K,2.3,K,16.8,L
6,Davis,Sacramento Valley,Nov 2006,38.28,K,47.30,K,89,K,1.1,K,16.8,K,6.1,K,11.4,K,90,K,56,K,75,K,7.0,K,2.1,K,13.5,K
6,Davis,Sacramento Valley,Dec 2006,36.55,K,37.60,K,79, ,0.8,K,12.8, ,2.2,K,7.1, ,88, ,55, ,73,K,2.3,K,2.4,K,9.4, 
6,Davis,Sacramento Valley,Jan 2007,60.02, ,0.10, ,114, ,0.6,K,14.2, ,-0.6,K,6.3, ,80, ,37, ,58,K,-1.8,K,2.6,K,7.4,K
6,Davis,Sacramento Valley,Feb 2007,45.73, ,82.20, ,108, ,0.9, ,15.3, ,4.4, ,9.9, ,90, ,56, ,74, ,5.3, ,2.6, ,10.5, 
6,Davis,Sacramento Valley,Mar 2007,94.53, ,3.30, ,178, ,1.0,K,22.5,K,5.8, ,13.5, ,86, ,39, ,63,K,6.3,K,2.0, ,13.5, 
6,Davis,Sacramento Valley,Apr 2007,130.63, ,41.00, ,217, ,0.9, ,23.3, ,7.2, ,15.1, ,83, ,29, ,54, ,5.4, ,2.7,K,15.5, 
6,Davis,Sacramento Valley,May 2007,179.26,K,9.40,K,258, ,1.0,K,27.7, ,9.5,K,18.5, ,77, ,24, ,47,K,6.3,K,2.7,K,20.4,K
6,Davis,Sacramento Valley,Jun 2007,211.77,K,0.20,L,334,L,1.1,L,30.8,L,11.7,L,21.5,L,77,L,23,L,44,L,8.4,L,2.8,L,23.5,L
6,Davis,Sacramento Valley,Jul 2007,212.61, ,0.00, ,329, ,1.4, ,32.5, ,13.3, ,22.5, ,82, ,28, ,52, ,12.0, ,2.5, ,23.2,L
6,Davis,Sacramento Valley,Aug 2007,194.34, ,0.00, ,297, ,1.3, ,32.9,K,13.1,K,22.4, ,79, ,24, ,49, ,10.8, ,2.4,K,23.5, 
6,Davis,Sacramento Valley,Sep 2007,139.42,K,0.10, ,223, ,1.1,K,28.1,K,11.6,L,19.3, ,79, ,28, ,51,K,8.5,K,2.5,K,20.9,K
6,Davis,Sacramento Valley,Oct 2007,92.43, ,32.40, ,158, ,1.0, ,22.9,K,8.9, ,15.4, ,79, ,37, ,57, ,6.5, ,2.4,K,17.2,K
6,Davis,Sacramento Valley,Nov 2007,67.44,K,20.50, ,120, ,0.8,K,20.0,K,5.3, ,12.2, ,78, ,37, ,57,K,3.2,K,2.2, ,14.4, 
6,Davis,Sacramento Valley,Dec 2007,44.05,K,73.20, ,83, ,0.7, ,12.2, ,2.0, ,7.1, ,86, ,50, ,68, ,1.3, ,2.9, ,10.0, 
6,Davis,Sacramento Valley,Jan 2008,28.51,K,208.91, ,67,K,0.8,K,10.8,K,2.7, ,6.6,K,90,K,65,K,79,K,3.0,K,2.7,K,8.6,L
6,Davis,Sacramento Valley,Feb 2008,58.47, ,57.80, ,139, ,0.8, ,15.3, ,3.2, ,9.0, ,89, ,52, ,73, ,4.1, ,2.5,K,8.8,K
6,Davis,Sacramento Valley,Mar 2008,110.82, ,1.10, ,210,K,0.8, ,19.1, ,4.4, ,11.8, ,82, ,36, ,58, ,3.6, ,2.7,K,12.3, 
6,Davis,Sacramento Valley,Apr 2008,154.24, ,31.50, ,270,K,0.7, ,22.5, ,4.5,K,14.2, ,77, ,25, ,46, ,2.4, ,2.8, ,14.0,K
6,Davis,Sacramento Valley,May 2008,205.47,K,0.00, ,288, ,1.0,K,27.1,K,10.2,L,18.7,K,72,K,26,K,45,K,6.0,K,3.5,K,16.8,K
6,Davis,Sacramento Valley,Jun 2008,229.94, ,0.00, ,338,K,1.0,K,31.1, ,12.5,L,21.9, ,68, ,21, ,40,L,6.8,L,3.0,K,19.1,L
6,Davis,Sacramento Valley,Jul 2008,203.65, ,0.00, ,307, ,1.4, ,32.6,K,13.3,K,22.4, ,80, ,28, ,51, ,11.5, ,2.4, ,24.5,K
6,Davis,Sacramento Valley,Aug 2008,193.33, ,0.00, ,286, ,1.3,K,33.5, ,13.5,K,22.7,K,78,K,24,K,47,K,10.6,K,2.4, ,23.5,L
6,Davis,Sacramento Valley,Sep 2008,145.86, ,0.00, ,226, ,1.0,K,31.5, ,11.0,K,20.6, ,73, ,21, ,43,K,7.0,K,2.1,K,19.9,L
6,Davis,Sacramento Valley,Oct 2008,111.93, ,15.60, ,159, ,0.8,K,25.9, ,8.0,K,16.7, ,68, ,23, ,42,K,2.9,K,2.5,K,16.0,L
6,Davis,Sacramento Valley,Nov 2008,46.43, ,48.70, ,96, ,1.0, ,18.6, ,6.7,K,12.0, ,88, ,53, ,74, ,7.2, ,1.9,K,13.2,L
6,Davis,Sacramento Valley,Dec 2008,23.70, ,42.50,K,66, ,0.7, ,10.5, ,1.0, ,5.6, ,91, ,66, ,81, ,2.5, ,2.1, ,8.7,L
6,Davis,Sacramento Valley,Jan 2009,41.77, ,29.30,K,89, ,0.7, ,14.7,K,1.2, ,7.3, ,90, ,49, ,72, ,2.3, ,2.1, ,9.2,K
6,Davis,Sacramento Valley,Feb 2009,35.19, ,141.40, ,94, ,0.9, ,14.2, ,4.3, ,8.9, ,91, ,60, ,78, ,5.1, ,2.6, ,10.4, 
6,Davis,Sacramento Valley,Mar 2009,98.47, ,39.90, ,176, ,0.8,K,18.2, ,4.8,K,11.4, ,83, ,41, ,62,K,3.9,K,3.0,K,12.4, 
6,Davis,Sacramento Valley,Apr 2009,137.23, ,14.40, ,231, ,0.8,K,22.4,K,6.0,K,14.1, ,80, ,28, ,51,K,3.6,K,2.9,K,14.2,K
6,Davis,Sacramento Valley,May 2009,170.52, ,47.40,K,255, ,1.1, ,28.2,K,10.6,K,19.1, ,81, ,29, ,52, ,8.3, ,2.8, ,18.2,K
6,Davis,Sacramento Valley,Jun 2009,173.56, ,3.80,K,259, ,1.2, ,29.0,K,12.2,K,20.3, ,81, ,30, ,52, ,9.7, ,2.8, ,19.4,K
6,Davis,Sacramento Valley,Jul 2009,212.48, ,0.00, ,325, ,1.3,K,32.9, ,12.4,K,22.0, ,79, ,25, ,49,K,10.4,K,2.5, ,21.8,K
6,Davis,Sacramento Valley,Aug 2009,196.25, ,0.00, ,300, ,1.2,K,32.1, ,12.5,K,21.8, ,79, ,24, ,47,K,9.9,K,2.5, ,20.8,K
6,Davis,Sacramento Valley,Sep 2009,153.09, ,0.00, ,244,K,1.1,K,32.5,K,12.5,K,22.0, ,76, ,21, ,44,K,8.6,K,2.2,K,19.9,K
6,Davis,Sacramento Valley,Oct 2009,96.73,K,13.30, ,169, ,1.0,K,22.9,K,9.1,K,15.7, ,76, ,38, ,57,K,6.3,K,2.4,K,16.8,K
6,Davis,Sacramento Valley,Nov 2009,59.79,K,7.60,K,119,K,0.8,K,18.2, ,3.9, ,10.5,K,83,K,39,K,62, ,3.2, ,2.1,K,12.4,K
6,Davis,Sacramento Valley,Dec 2009,27.16,K,52.50,K,71,K,0.8,K,11.3, ,1.9,K,6.4,K,90,K,61,K,77, ,2.5, ,2.1,K,9.0,K
6,Davis,Sacramento Valley,Jan 2010,16.99, ,160.40, ,49, ,0.9, ,11.2, ,4.8, ,8.0, ,93, ,77, ,87, ,5.9, ,2.3,K,9.7, 
6,Davis,Sacramento Valley,Feb 2010,34.28, ,70.20, ,100, ,1.0, ,14.1, ,5.1, ,9.4, ,92, ,66, ,82, ,6.5, ,2.1, ,11.3, 
6,Davis,Sacramento Valley,Mar 2010,92.05, ,30.30, ,179, ,0.8, ,16.8, ,4.3,K,10.4, ,87, ,42, ,65, ,3.7, ,2.8, ,12.1, 
6,Davis,Sacramento Valley,Apr 2010,112.89, ,75.50, ,224, ,0.9, ,18.4,K,6.0,K,12.0, ,87,K,44,K,65, ,5.4, ,2.9, ,14.1,K
6,Davis,Sacramento Valley,May 2010,170.95, ,10.90, ,276, ,0.9,K,23.0, ,7.8,K,15.5, ,79, ,30, ,51,K,4.7,K,3.2,K,15.7,K
6,Davis,Sacramento Valley,Jun 2010,214.23, ,0.20, ,322, ,1.2,K,29.9, ,13.0,K,21.2, ,76, ,27, ,48,K,9.4,K,3.2,K,19.6,K
6,Davis,Sacramento Valley,Jul 2010,206.98,K,1.50, ,332,K,1.3,K,31.8, ,12.2,K,21.5, ,80, ,30, ,52,K,11.1,K,2.3,K,21.3,K
6,Davis,Sacramento Valley,Aug 2010,185.49, ,0.00, ,296, ,1.3,K,30.4, ,11.2, ,20.1, ,82, ,29, ,54,K,10.2,K,2.5, ,20.3,K
6,Davis,Sacramento Valley,Sep 2010,148.60, ,0.00, ,238, ,1.1,K,30.8,K,11.9,K,20.8, ,77, ,25, ,48,K,8.7,K,2.2, ,19.6,K
6,Davis,Sacramento Valley,Oct 2010,92.45,K,21.00, ,151, ,1.1, ,24.1,K,10.1,K,16.9, ,80, ,38, ,58, ,7.7, ,2.4,K,17.8, 
6,Davis,Sacramento Valley,Nov 2010,62.00, ,50.80, ,115, ,0.9, ,17.3,K,5.3,K,10.9, ,83, ,45, ,66, ,4.4, ,2.7,K,13.2,K
6,Davis,Sacramento Valley,Dec 2010,18.44, ,131.00,K,53, ,1.0,K,12.4, ,5.9,K,9.1, ,93, ,73, ,85,K,6.7,K,2.1, ,11.1,K
6,Davis,Sacramento Valley,Jan 2011,26.24, ,43.40, ,76, ,0.8, ,10.0,K,1.7, ,5.5, ,95, ,71, ,85, ,3.1, ,1.8, ,8.8, 
6,Davis,Sacramento Valley,Feb 2011,60.90, ,77.10,K,140,K,0.7, ,13.9,K,1.5, ,7.6, ,87, ,45, ,66, ,1.4, ,3.1,K,8.9,K
6,Davis,Sacramento Valley,Mar 2011,65.22, ,139.30,K,147, ,1.0, ,15.7,K,5.9, ,10.8, ,91, ,58, ,76, ,6.6, ,2.8, ,11.6,K
6,Davis,Sacramento Valley,Apr 2011,138.26, ,1.70, ,246, ,0.9,K,20.6, ,6.8,K,13.6, ,80, ,33, ,55,K,4.3,K,3.1,K,13.7,K
6,Davis,Sacramento Valley,May 2011,167.55, ,22.40, ,273, ,0.9,K,22.8,K,8.3,K,15.4, ,79, ,32, ,53,K,5.2,K,3.3, ,17.1,K
6,Davis,Sacramento Valley,Jun 2011,176.00,K,40.00, ,297,K,1.3, ,27.4,K,11.9,K,19.7, ,84, ,37, ,57, ,10.5, ,2.6,K,20.3,K
6,Davis,Sacramento Valley,Jul 2011,203.03, ,0.00, ,323, ,1.4, ,31.2,K,13.4, ,21.9, ,83, ,32, ,55, ,12.3, ,2.3, ,24.0,K
6,Davis,Sacramento Valley,Aug 2011,176.95,K,15.50,K,307,L,1.4,L,31.4,L,11.5,L,21.2,L,87,K,30,K,57,L,12.1,L,1.9,K,22.5,L
6,Davis,Sacramento Valley,Sep 2011,143.90, ,0.40, ,246,K,1.4, ,32.7,K,13.2,K,22.2, ,81, ,30, ,52, ,11.8, ,1.9, ,20.4,K
6,Davis,Sacramento Valley,Oct 2011,91.00, ,27.40,K,160,K,1.2,K,24.6,K,9.5, ,16.5, ,87, ,40, ,64,K,9.3,K,2.0, ,18.5, 
6,Davis,Sacramento Valley,Nov 2011,50.37, ,27.80, ,100, ,0.9,K,15.7, ,4.3,K,9.7, ,90, ,54, ,74,K,4.6,K,2.4,K,13.1, 
6,Davis,Sacramento Valley,Dec 2011,55.33, ,8.50, ,82, ,0.6,K,14.7,K,0.1,K,6.9, ,81, ,40, ,60,K,-1.0,K,2.7,K,9.2, 
6,Davis,Sacramento Valley,Jan 2012,48.00, ,66.00,K,91, ,0.7,K,15.5, ,0.8,K,7.7, ,86, ,44, ,65,K,1.2,K,2.4,K,8.5, 
6,Davis,Sacramento Valley,Feb 2012,73.91, ,12.70,K,141, ,0.8, ,16.4, ,4.0, ,9.9, ,86, ,42, ,63, ,2.6, ,3.0,K,10.0, 
6,Davis,Sacramento Valley,Mar 2012,81.87, ,94.10,K,167,K,0.9,K,16.5,K,5.2, ,10.8, ,87, ,48, ,68,K,4.6,K,3.1,K,11.7, 
6,Davis,Sacramento Valley,Apr 2012,134.96, ,45.30, ,265,K,1.1,K,21.9, ,7.9,K,14.6, ,87, ,40, ,62,K,7.3,K,2.5, ,15.3, 
6,Davis,Sacramento Valley,May 2012,205.57,K,0.00, ,330,L,1.0,K,27.6, ,10.2,K,18.7, ,77, ,28, ,48,K,7.1,K,3.0,K,17.3,K
6,Davis,Sacramento Valley,Jun 2012,225.08, ,0.90, ,352,K,1.1,K,29.8, ,12.0, ,21.0, ,77, ,28, ,46,K,8.7,K,3.3,K,19.2,K
6,Davis,Sacramento Valley,Jul 2012,209.58,K,1.10,K,340, ,1.4, ,31.8,K,12.4, ,21.7, ,85, ,31, ,55, ,12.0, ,2.5,K,21.6,K
6,Davis,Sacramento Valley,Aug 2012,187.64, ,0.00, ,305,K,1.4, ,33.3, ,12.3,K,22.1, ,84, ,28, ,53, ,11.8, ,2.2,K,22.2,K
6,Davis,Sacramento Valley,Sep 2012,143.42, ,0.00, ,255,K,1.2, ,32.1, ,10.3, ,20.3, ,82, ,24, ,50, ,9.5, ,1.8, ,20.3,K
6,Davis,Sacramento Valley,Oct 2012,97.68, ,18.10,K,176, ,1.2, ,24.9,K,9.9, ,16.9, ,84, ,39, ,61, ,8.9, ,2.2, ,18.2, 
6,Davis,Sacramento Valley,Nov 2012,46.21, ,86.20,K,113,K,1.1,K,18.3,K,6.4, ,11.7,K,93,K,55,K,77, ,7.8, ,2.0,K,14.8,K
6,Davis,Sacramento Valley,Dec 2012,29.40,K,127.30,L,71,L,0.9,L,12.2,L,3.9,L,7.9,L,93,L,64,L,81,L,4.8,L,2.7,L,11.3,L
6,Davis,Sacramento Valley,Jan 2013,43.58, ,19.80, ,120,K,0.7,K,13.1, ,0.2, ,5.9, ,90,K,48,K,72,K,1.0,K,1.8, ,7.4, 
6,Davis,Sacramento Valley,Feb 2013,74.11, ,4.10, ,174,K,0.7, ,17.0, ,1.6, ,8.9, ,86, ,37, ,61, ,1.4, ,2.7,K,8.7, 
6,Davis,Sacramento Valley,Mar 2013,111.13, ,25.80,K,214,K,0.9,K,20.9, ,5.6, ,13.1, ,86, ,38, ,60,K,5.2,K,2.7,K,11.9, 
6,Davis,Sacramento Valley,Apr 2013,187.52,K,14.50, ,285,K,0.9, ,25.6,K,10.1,K,17.6,K,75,K,28,K,48, ,5.2, ,3.8,K,15.1, 
6,Davis,Sacramento Valley,May 2013,205.08,K,0.00, ,314,K,1.1,K,27.9, ,11.7,K,19.7, ,77, ,28, ,48,K,7.6,K,3.1,K,18.0, 
6,Davis,Sacramento Valley,Jun 2013,199.66,K,0.00, ,325,L,1.4,K,30.8,K,14.0,K,22.2,K,83,K,32,K,52,K,11.5,K,2.8, ,21.0,K
6,Davis,Sacramento Valley,Jul 2013,213.74, ,0.00, ,337, ,1.5,K,32.9,K,13.9,K,22.8,K,85,K,30,K,54,K,13.0,K,2.5, ,23.1,K
6,Davis,Sacramento Valley,Aug 2013,182.55,K,0.00,K,299,K,1.5,K,32.0, ,13.4,K,22.1,K,88,K,30,K,57, ,13.0, ,2.3,K,22.3,K
6,Davis,Sacramento Valley,Sep 2013,144.41,K,16.25, ,232,K,1.3,K,29.4,K,13.3,K,20.9, ,81, ,33, ,54,K,10.8,K,2.7,K,20.9,K
6,Davis,Sacramento Valley,Oct 2013,122.09, ,0.00, ,186, ,0.8, ,25.4, ,8.6, ,16.4, ,68, ,26, ,45, ,3.8, ,2.6,K,16.7,K
6,Davis,Sacramento Valley,Nov 2013,73.46, ,18.50, ,115, ,0.8,K,20.1, ,6.4,K,12.5, ,76, ,37, ,56,K,3.3,K,2.6,K,13.6, 
6,Davis,Sacramento Valley,Dec 2013,56.15, ,9.70,K,104, ,0.6,K,15.4, ,-0.1, ,6.9, ,80, ,33, ,56,K,-1.7,K,2.2,K,9.1, 
6,Davis,Sacramento Valley,Jan 2014,60.94,K,2.20,K,111,K,0.6,K,19.2,K,2.2, ,10.0,K,75,K,30,K,50,K,-0.4,K,2.0,K,11.1,K
6,Davis,Sacramento Valley,Feb 2014,48.42, ,102.70,K,121,K,1.0, ,17.2,K,7.1,K,11.8, ,92, ,55, ,75, ,7.1, ,2.6, ,12.9, 
6,Davis,Sacramento Valley,Mar 2014,100.74, ,38.80, ,189,K,1.0, ,20.9,K,8.4,K,14.4, ,85, ,43, ,63, ,6.9, ,3.0,K,14.3, 
6,Davis,Sacramento Valley,Apr 2014,141.55,K,46.90,K,264,K,1.1, ,24.2,K,8.9,K,16.3, ,90, ,37, ,61, ,8.4, ,2.5,K,16.0, 
6,Davis,Sacramento Valley,May 2014,207.11, ,0.30, ,325,K,1.1,K,28.9, ,11.8, ,20.2, ,76, ,26, ,45,K,7.4,K,2.9, ,18.0,K
6,Davis,Sacramento Valley,Jun 2014,220.55, ,0.30,K,349,K,1.3, ,32.2,K,12.8, ,22.3,K,82, ,26, ,48,K,10.6,K,2.9,K,20.7, 
6,Davis,Sacramento Valley,Jul 2014,215.58, ,0.00, ,326,K,1.5, ,33.7, ,15.5,K,23.9, ,81, ,28, ,51, ,13.1, ,2.7,K,22.9, 
6,Davis,Sacramento Valley,Aug 2014,179.26, ,0.20, ,283,K,1.5,K,31.9,K,14.3,K,22.5, ,85, ,32, ,56,K,13.1,K,2.5,K,22.8, 
6,Davis,Sacramento Valley,Sep 2014,143.44, ,10.70, ,240,K,1.4,K,31.4, ,13.5, ,21.9,K,85, ,29, ,54,K,11.9,K,2.3, ,21.9, 
6,Davis,Sacramento Valley,Oct 2014,107.73, ,21.00, ,171,K,1.1, ,27.6, ,10.8, ,19.0,K,77, ,31, ,52,K,8.2,K,2.2,K,18.7, 
6,Davis,Sacramento Valley,Nov 2014,46.66, ,33.10, ,101,K,1.1, ,18.7, ,6.9,K,12.4, ,94, ,53, ,75, ,7.8, ,1.7, ,14.5, 
6,Davis,Sacramento Valley,Dec 2014,27.71, ,211.30, ,64, ,1.2,K,14.7, ,8.5,K,11.1,K,96, ,73, ,87,L,8.6,L,2.6,K,13.0,K
6,Davis,Sacramento Valley,Jan 2015,38.90, ,1.50, ,104,K,1.0, ,15.5,K,3.9, ,9.0,K,98, ,63, ,84,K,6.3,K,1.7, ,10.1, 
6,Davis,Sacramento Valley,Feb 2015,59.94, ,67.70,K,146,K,1.1,K,18.9, ,6.8,K,12.5,K,95,K,55,K,76,K,8.1,K,2.3,K,12.3,K
6,Davis,Sacramento Valley,Mar 2015,112.81, ,6.40, ,213,K,1.1,K,23.4, ,7.9,K,15.3,K,90, ,37, ,62,K,7.9,K,2.0, ,13.6, 
6,Davis,Sacramento Valley,Apr 2015,157.47, ,23.00, ,283,K,0.9, ,24.3, ,8.0,K,16.0,K,81, ,30, ,52,K,5.6,K,2.8,K,14.7, 
6,Davis,Sacramento Valley,May 2015,179.28, ,0.40, ,315,K,1.2, ,25.4, ,10.1, ,17.1, ,86, ,37, ,59, ,9.0, ,2.9, ,17.5, 
6,Davis,Sacramento Valley,Jun 2015,207.23,K,0.10,K,337,K,1.4,K,33.2,K,13.8,K,23.1,K,83,K,28,K,51,K,12.2,K,2.4,K,21.0,K
6,Davis,Sacramento Valley,Jul 2015,212.09, ,0.00, ,320,K,1.5,K,33.2,K,15.7,K,23.7,K,81, ,30, ,52,K,12.9,K,2.7,K,23.0,L
6,Davis,Sacramento Valley,Aug 2015,189.36, ,0.20, ,293,K,1.4,K,33.3, ,14.3, ,23.2,K,82, ,25, ,50,K,11.8,K,2.3, ,23.0,L
6,Davis,Sacramento Valley,Sep 2015,144.14, ,1.90, ,227, ,1.1,K,31.6,K,13.3,K,21.8,K,73, ,24, ,45,K,8.6,K,2.3,K,21.0, 
6,Davis,Sacramento Valley,Oct 2015,107.02, ,4.90,K,167, ,1.2, ,28.6,K,12.4,K,19.9,K,79, ,31, ,52,K,9.5,K,2.1, ,19.8,L
6,Davis,Sacramento Valley,Nov 2015,56.57, ,37.60, ,118,K,0.8,K,16.6, ,4.2,K,10.1, ,85, ,45, ,66,K,3.6,K,2.3, ,11.5,L
6,Davis,Sacramento Valley,Dec 2015,32.53, ,36.80, ,78, ,0.9,K,13.1, ,3.3, ,8.2,K,92, ,59, ,78,K,4.3,K,2.5, ,9.9, 
6,Davis,Sacramento Valley,Jan 2016,29.25, ,130.10,K,71, ,1.1,K,13.6, ,6.3,K,9.7,K,95, ,70, ,85,K,7.2,K,2.6,K,10.2,L
6,Davis,Sacramento Valley,Feb 2016,66.28, ,18.20, ,151, ,1.0, ,19.3,K,5.4, ,12.1,K,94, ,50, ,73,K,7.1,K,2.1, ,11.2, 
6,Davis,Sacramento Valley,Mar 2016,85.40, ,121.50, ,177, ,1.1,K,19.5, ,8.0,K,13.5, ,94, ,52, ,73,K,8.6,K,2.7,K,13.4, 
6,Davis,Sacramento Valley,Apr 2016,141.19,K,7.00,K,265,K,1.1,K,24.3, ,9.3,K,16.7,K,84, ,35, ,56,K,7.3,K,2.2,K,16.1, 
6,Davis,Sacramento Valley,May 2016,178.94, ,22.00,K,291, ,1.2, ,27.3, ,12.1,K,19.5, ,83, ,34, ,55, ,9.7, ,2.5, ,19.2, 
6,Davis,Sacramento Valley,Jun 2016,211.24, ,0.20, ,339,K,1.3, ,32.2, ,13.4,K,22.7, ,77, ,26, ,47, ,10.5, ,2.5, ,22.0, 
6,Davis,Sacramento Valley,Jul 2016,219.67, ,0.20,K,346,K,1.4, ,33.3, ,14.0,K,23.2,K,79, ,27, ,48,K,11.5,K,2.5,K,23.6, 
6,Davis,Sacramento Valley,Aug 2016,184.72, ,12.20, ,295, ,1.4, ,32.7, ,12.5, ,21.7, ,83, ,27, ,53, ,11.7, ,2.1, ,22.7, 
6,Davis,Sacramento Valley,Sep 2016,147.25, ,0.80, ,238, ,1.2, ,31.1, ,12.0, ,20.9, ,74, ,25, ,47, ,8.9, ,2.1, ,20.6, 
6,Davis,Sacramento Valley,Oct 2016,79.82,K,49.20,K,141,K,1.2,K,23.5,K,10.2,K,16.6,K,85,L,43,L,64,L,9.2,L,2.3,K,17.3,K
6,Davis,Sacramento Valley,Nov 2016,43.91, ,39.20, ,108, ,1.2, ,18.4, ,7.3,K,12.6,K,96, ,58, ,79,K,8.9,K,1.7, ,14.7, 
6,Davis,Sacramento Valley,Dec 2016,34.89, ,66.10,K,85, ,0.8,K,12.7, ,2.3, ,7.2,K,95, ,58, ,79,K,3.5,K,2.3,K,9.8, 
6,Davis,Sacramento Valley,Jan 2017,32.07, ,278.20, ,82, ,0.9,K,12.3, ,4.3,K,8.0,K,98, ,66, ,85,K,5.5,K,3.0,K,8.9, 
6,Davis,Sacramento Valley,Feb 2017,39.94, ,194.20, ,113,K,1.1,K,15.4, ,7.1,K,11.2,K,97, ,66, ,83,K,8.2,K,3.0,K,11.2, 
6,Davis,Sacramento Valley,Mar 2017,98.49,K,70.10,K,196,K,1.1, ,20.0, ,8.0, ,13.7, ,94, ,50, ,73, ,8.7, ,2.6,K,12.7, 
6,Davis,Sacramento Valley,Apr 2017,124.96, ,64.70, ,234,K,1.1, ,21.2, ,9.4, ,15.2, ,88, ,41, ,63, ,7.6, ,2.8, ,14.3, 
6,Davis,Sacramento Valley,May 2017,197.16,K,0.00, ,320,K,1.2, ,27.8, ,11.3,K,19.4,K,80,K,32,K,52,K,9.0,K,2.9,K,18.1, 
6,Davis,Sacramento Valley,Jun 2017,203.86,K,19.10, ,338,K,1.3,K,31.9,K,14.0,L,23.0,K,81,K,25,K,54,L,11.2,L,2.5, ,21.7, 
6,Davis,Sacramento Valley,Jul 2017,220.37, ,0.20, ,342,K,1.5, ,34.8, ,14.4,K,24.2,K,81, ,26, ,50,K,13.1,K,2.2, ,24.2, 
6,Davis,Sacramento Valley,Aug 2017,185.46, ,0.20,K,286, ,1.6,K,33.9,K,15.4,K,23.7,K,84, ,33, ,56,K,14.2,K,2.2, ,23.9, 
6,Davis,Sacramento Valley,Sep 2017,142.33,K,0.10, ,224, ,1.4,K,30.9,K,14.8,K,22.5,K,73, ,31, ,50,L,11.0,L,2.2,K,22.5, 
6,Davis,Sacramento Valley,Oct 2017,100.87,K,3.80, ,178, ,0.9, ,26.5, ,8.8, ,17.2, ,71, ,26, ,45, ,4.6, ,1.3, ,16.9, 
6,Davis,Sacramento Valley,Nov 2017,34.27,K,31.00, ,96, ,1.2,K,17.7, ,7.6,K,12.4,K,94, ,60, ,80,K,8.9,K,1.1, ,14.5, 
6,Davis,Sacramento Valley,Dec 2017,42.57,K,0.70, ,101,K,0.7, ,15.9, ,1.2, ,8.1, ,87, ,41, ,64, ,1.3, ,1.1, ,9.6, 
6,Davis,Sacramento Valley,Jan 2018,23.11,K,97.20, ,73, ,1.1,K,14.2, ,5.8, ,9.8,K,98, ,73, ,89,K,7.9,K,1.0,K,10.4, 
6,Davis,Sacramento Valley,Feb 2018,74.43,K,4.40,K,167,K,0.7,K,18.3,K,3.4,K,10.5,K,85, ,35, ,57,K,1.9,K,2.4,K,10.2, 
6,Davis,Sacramento Valley,Mar 2018,82.57, ,103.50, ,176,K,1.0,K,18.1, ,5.6, ,11.7,K,94, ,50, ,73,K,6.9,K,2.5,K,11.3, 
6,Davis,Sacramento Valley,Apr 2018,127.09, ,13.20, ,251, ,1.1,K,22.3, ,8.0, ,15.0, ,91, ,40, ,64,K,8.1,K,2.4, ,14.9, 
6,Davis,Sacramento Valley,May 2018,185.36, ,5.80,K,314, ,1.3, ,26.8, ,11.2, ,18.4, ,86, ,38, ,59, ,10.1, ,2.8,K,18.5, 
6,Davis,Sacramento Valley,Jun 2018,202.56,K,0.30,K,315,K,1.3, ,31.7, ,13.2,K,22.1,K,80,K,28,K,50,K,11.0,K,2.6,K,21.2, 
6,Davis,Sacramento Valley,Jul 2018,202.14, ,0.80, ,303, ,1.6, ,34.6, ,15.3,K,24.0, ,79, ,29, ,52, ,13.5, ,2.2, ,23.5, 
6,Davis,Sacramento Valley,Aug 2018,174.16, ,1.10, ,279, ,1.5, ,31.7,K,13.2, ,21.7, ,86, ,32, ,57, ,12.6, ,2.1, ,23.0, 
6,Davis,Sacramento Valley,Sep 2018,142.91, ,0.50, ,240, ,1.2, ,30.9, ,11.3, ,20.5, ,81, ,25, ,50, ,9.6, ,2.0, ,21.1, 
6,Davis,Sacramento Valley,Oct 2018,120.89, ,0.70, ,173, ,1.0,K,27.1, ,10.4,K,18.3, ,72, ,27, ,48,K,6.2,K,2.6,K,18.2, 
6,Davis,Sacramento Valley,Nov 2018,66.74,K,74.10, ,101, ,0.8,K,19.8,K,5.7,K,12.3,K,75, ,37, ,57,L,2.3,L,2.4,K,13.1, 
6,Davis,Sacramento Valley,Dec 2018,38.13, ,50.20, ,85, ,1.0, ,14.0, ,4.8, ,9.3, ,95, ,62, ,80, ,5.9, ,2.4,K,11.0, 
6,Davis,Sacramento Valley,Jan 2019,35.18, ,177.40, ,89, ,1.1, ,14.9, ,5.7,K,9.8,K,98, ,65, ,86,K,7.4,K,2.2,K,10.0, 
6,Davis,Sacramento Valley,Feb 2019,41.52,K,219.30,K,117,K,0.9,K,12.8,K,4.7, ,8.4,K,95,K,58,K,78,K,4.7,K,3.1,K,9.3,K
6,Davis,Sacramento Valley,Mar 2019,81.17,K,128.80, ,173,K,0.9,K,17.7, ,6.6, ,11.9, ,90,K,43,K,71,L,6.1,L,2.5, ,11.0, 
6,Davis,Sacramento Valley,Apr 2019,150.61,K,4.90,K,248,K,0.8,K,23.9, ,10.3,K,16.8,K,64,K,24,K,55,L,8.0,L,2.8, ,14.5, 
6,Davis,Sacramento Valley,May 2019,158.76, ,73.40,K,290,K,1.2, ,24.0,K,10.1, ,16.7, ,92, ,43, ,65, ,9.7, ,2.8, ,17.8,L
6,Davis,Sacramento Valley,Jun 2019,225.00, ,0.60,K,351,K,1.4,K,32.0, ,14.4,K,23.1,K,82, ,28, ,49,K,11.3,K,2.8,K,23.7,L
6,Davis,Sacramento Valley,Jul 2019,209.65, ,0.20,K,340, ,1.6, ,32.5, ,13.6, ,22.8, ,92, ,31, ,56, ,13.5, ,2.3, ,24.3, 
6,Davis,Sacramento Valley,Aug 2019,191.09, ,0.30,K,306, ,1.6,K,33.6, ,14.4,K,23.7,K,92, ,30, ,55,K,13.9,K,2.1, ,22.7, 
6,Davis,Sacramento Valley,Sep 2019,148.71, ,29.80, ,234, ,1.3, ,29.9, ,12.8,K,21.3,K,85,K,29,K,52,K,10.7,K,2.6,K,20.8, 
6,Davis,Sacramento Valley,Oct 2019,136.97,K,0.20, ,185,K,0.7,K,25.7, ,8.0, ,16.7,K,66, ,19, ,37,K,1.0,K,3.0,K,15.5, 
6,Davis,Sacramento Valley,Nov 2019,63.77, ,20.50, ,123, ,0.8, ,20.7, ,4.2,K,11.8, ,85, ,36, ,59, ,3.6, ,1.9,K,12.0, 
6,Davis,Sacramento Valley,Dec 2019,24.85, ,146.70, ,68, ,1.1,K,13.5, ,6.3,K,9.5, ,98, ,73, ,88,K,7.5,K,2.3,K,10.5, 
6,Davis,Sacramento Valley,Jan 2020,33.61, ,29.80, ,91, ,1.0, ,13.7, ,4.7, ,8.9,K,99, ,68, ,87,K,6.8,K,2.0, ,9.5, 
6,Davis,Sacramento Valley,Feb 2020,92.66,K,0.50, ,166, ,0.8,K,19.4,K,5.0, ,12.0,K,81, ,34, ,55,K,2.5,K,2.9,K,10.3, 
6,Davis,Sacramento Valley,Mar 2020,92.71, ,27.70, ,181, ,0.9, ,17.9,K,5.9, ,11.7,K,90, ,45, ,67,K,5.3,K,2.6,K,11.7, 
6,Davis,Sacramento Valley,Apr 2020,136.55, ,30.20,K,251, ,1.1, ,23.3, ,9.2,K,16.0, ,87, ,39, ,60, ,7.7, ,2.5, ,14.7, 
6,Davis,Sacramento Valley,May 2020,187.24, ,7.60,K,295, ,1.2, ,27.8, ,12.1,K,19.7,K,82, ,30, ,52,K,8.9,K,2.8, ,18.3, 
6,Davis,Sacramento Valley,Jun 2020,215.58, ,2.10, ,339,K,1.3,K,31.5, ,14.6, ,22.6, ,75, ,27, ,47,K,10.5,K,2.8,K,21.2, 
6,Davis,Sacramento Valley,Jul 2020,213.36, ,0.00, ,335, ,1.4, ,33.4, ,13.7, ,22.7, ,82, ,28, ,52, ,12.2, ,2.3, ,22.3, 
6,Davis,Sacramento Valley,Aug 2020,177.02,K,0.00, ,262, ,1.5,K,34.4,K,15.8,L,24.5,K,77,K,27,K,52,L,13.1,L,2.1,K,22.9, 
6,Davis,Sacramento Valley,Sep 2020,141.30,K,0.00, ,208, ,1.3,K,32.5,K,14.4,K,22.8,K,80,K,26,K,50,K,11.1,K,2.2,K,21.3, 
6,Davis,Sacramento Valley,Oct 2020,124.40,K,0.00, ,172, ,0.9,K,28.9, ,10.8,L,19.3,K,74,K,21,K,43,L,5.4,L,2.3,K,18.3, 
6,Davis,Sacramento Valley,Nov 2020,62.60, ,14.80, ,117,K,0.8,K,18.5,K,3.8,K,10.9, ,84, ,36, ,59,K,2.9,K,2.2,K,12.2, 
6,Davis,Sacramento Valley,Dec 2020,45.59,K,42.90,K,89,K,0.8,K,15.0,K,3.4, ,9.0,K,91,K,48,K,69,K,3.1,K,2.4,K,9.0,K
6,Davis,Sacramento Valley,Jan 2021,47.50,K,24.60, ,90, ,0.9, ,15.0,K,4.8,K,9.5,K,92, ,56, ,78,L,5.1,L,2.6,K,9.1, 
6,Davis,Sacramento Valley,Feb 2021,75.14, ,18.60, ,151,K,0.8,K,17.7,K,5.8, ,11.7,K,83, ,39, ,60,K,3.4,K,2.9,K,10.7, 
6,Davis,Sacramento Valley,Mar 2021,114.32, ,28.90, ,207,K,0.8,K,18.7, ,5.3, ,11.8, ,83, ,34, ,56,K,2.5,K,2.9,K,11.7, 
6,Davis,Sacramento Valley,Apr 2021,156.84, ,1.30,K,282,K,0.9, ,25.0, ,7.1, ,15.8, ,87, ,26, ,50, ,4.9, ,2.5, ,15.7, 
6,Davis,Sacramento Valley,May 2021,220.20, ,2.40, ,329,K,1.0,K,28.9,K,11.4,K,20.1, ,78, ,24, ,43,K,6.5,K,3.2,K,18.6, 
6,Davis,Sacramento Valley,Jun 2021,218.42, ,0.00, ,346, ,1.3, ,32.1,K,12.8, ,22.3, ,86, ,27, ,48, ,10.6, ,2.6, ,21.6, 
6,Davis,Sacramento Valley,Jul 2021,215.33, ,0.00, ,326, ,1.4, ,34.3,K,13.4, ,23.3,K,90, ,26, ,50,K,12.3,K,2.4, ,22.6, 
6,Davis,Sacramento Valley,Aug 2021,179.90,K,0.00,K,276,K,1.4,K,33.2,K,13.2, ,22.7,K,91,K,26,K,51, ,11.9, ,2.1,K,20.9,K
6,Davis,Sacramento Valley,Sep 2021,152.83, ,0.00, ,243, ,1.2, ,32.1,K,12.0, ,21.8,K,86, ,24, ,47,K,9.4,K,2.2, ,19.8, 
                                                                                                                                                                                                                                                                                                                                                                                                                                                                                                                                                                                                                                                                                                                                                                                                                                                                                                                                                                                                                                                                